ESTRUCTURA BDD MEDIOS/PROGRAMAS																	
Datos generales del medio											Datos genericos de contacto1						
NOMBRE	WEB	TIPO DE MEDIO	PERIODICIDAD	ÁMBITO	SECTOR1	SECTOR2	SECTOR3	SECTOR4	SECTOR5	EMPRESA	DESCRIPCIÓN	DIRECCIÓN	CP	PROVINCIA	CIUDAD	TEL. FIJO	TELF. MOBIL
100x100 REGATA		Redactor/a jefe/a										Consell de Cent, 398, bajos	8009	Barcelona	Barcelona		933 180 101
20 MINUTOS		Prensa diaria								Grupo 20 minutos		Plaça de la Universitat 3, Planta 7	8007	Barcelona	Barcelona	93 470 62 55	93 470 62 50 
2MORROW.IT		Internet medio digital								2morrow.it							+39 02 20.24.22.15
30 MINUTS (TV3)		TV								Televisió de Catalunya, S.A. 		Carrer de Jacint Verdaguer 0	8970	Barcelona	Barcelona		93 499 93 33
8 AL DIA (8TV)		TV								Emissions Digitals de Catalunya S.A.U.		Edifici Imagina, Carrer Gaspar Fàbregas 81	8950	Barcelona	Esplugues de Llobregat	93 270 47 93	93 270 47 00 
A ESCENA (BTV)		TV								Informació i Comunicació de Barcelona S.A. (ICB)		Plaça Tísner 1	8018	Barcelona	Barcelona		93 218 46 48 - 93 506 42 00
A TU SALUD (La Razón)		Suplementos								AUDIOVISUAL ESPAÑOLA 2000 S.A.		Josefa Valcarcel, 42	28027	Madrid	Madrid		91 324 70 34
A3 BAU		Revista profesional								a3 Wirtschaftsverlag GmbH		Wiener Straße 2/1/Top 6	2340	Austria	Mödling		0043 22 36 42 52 836
A3 BOOM		Revista profesional								a3 Wirtschaftsverlag GmbH		Wiener Straße 2/1/Top 6	2340	Austria	Mödling		0043 22 36 42 52 849
A3 ECO		Revista profesional								a3 Wirtschaftsverlag GmbH		Wiener Straße 2/1/Top 6	2340	Austria	Mödling		0043 22 36 42 52 841
A3 GAST		Revista profesional								a3 Wirtschaftsverlag GmbH		Wiener Straße 2/1/Top 6	2340	Austria	Mödling		0043 22 36 42 52 834
A3 VERLAG		Revista profesional								a3 Wirtschaftsverlag GmbH		Wiener Straße 2/1/Top 6	2340	Austria	Mödling		0043 22 36 42 52 80
ABC		Prensa diaria								DIARIO ABC, S.L.		Travessera de Gràcia 56. 2ª Planta	8006	Barcelona	Barcelona		93 272 16 20
ABC		Prensa diaria								DIARIO ABC, S.L.		 Juan Ignacio Luca de Tena, 7	28007	Madrid	Madrid		91 339 90 00
ABoatTime & BoatGrid		Revista												Madrid	Madrid		91 702 55 30
ABOUT TIME MAGAZINE		Revista								TCB Publishing (Pty) Ltd		343 Lynnwood Road	81	Sudáfrica	Lynnwood		0027 12 425 5800
ACCESS ALL AREAS		Revista profesional								Mash Media Group Ltd		4th Floor Sterling House 6-10, St George's Road, Wimbledon	SW19 4DP	Reino Unido	London		0044 20 7772 8444
ACTUAL BEBÉ		Revista			Director/a					TPI Grupo		Avda. Manoteras, 26 3ª planta	28050	Madrid	Madrid		913398626
ACTUALIDAD ECONÓMICA		Revista			Director/a adjunto/a					Unidad Editorial Revistas SLU						91 623 06 96	91 443 62 54
AFP		Agen			Redactor/a					AFP		Calle Sant Pau 119, Piso principal 2ª, Oficina 10	8001	Barcelona	Barcelona		93 384 37 27 - 93 443 60 92
Agència Catalana de Notícies (ACN)		Blog			Redacción					2012 Intracatalonia S.A.		Gran Via Jaume I, 64, 2n	17001	Girona	Girona		
Agència Catalana de Notícies (ACN)		Agencia de noticias			Redactor/a					2012 Intracatalonia S.A.		Via Laietana 33, 3º 1ª	8003	Barcelona	Barcelona		93 553 14 00
AGENCIA HISPANOAMERICANA		Agencia de noticias			Redactor/a Web												
AGENTTRAVEL		Revista profesional			Redactor/a jefe/a									Madrid	Madrid		91 474 11 40
AHGZ		Revista profesional			Redactor/a					Matthaes Verlag GmbH		Silberburgstraße 122	D-70176	Alemania	Stuttgart		0049 71 12 13 33 22
AIPC		Revista profesional			Secretario/a de redacción					AIPC		Marianne de Raay	1060	Bélgica	Brussels		0032 496 23 53 27
AIR CLASSE		Revista profesional			Director /a									Madrid	Madrid		91 504 55 12
AIR FRANCE MAGAZINE		Revista			Product Manager					Air France		10 Rue Thierry-Le Luron 	92300	Francia	Levallois Perret		0033 1 41 34 85 71
AIR MANDALAY		Revista			Departamento de Marketing					Air Mandalay		146, Dhammazedi Road, Bahan Township	-	Myanmar	Yangon		0095.1 525 488
AIR NEW ZEALAND MAGAZINE		Revista			Redacción					Bauer Media Group		Level 4, 100 Beaumont Street, Westhaven	-	New Zealand	Auckland		+64 (0) 9 308 2700
AIRE LIBRE		Revista			Redactor/a					OUTSIDE Comunicación Integral   		Saavedra Fajardo, 5 y 7 - planta calle	28011	Madrid	Madrid		91 526 80 80
AIRE LIBRE Y TECNOLOGIA		Revista			Administrador									Madrid	Madrid		
AIRTRAN MAGAZINE		Revista			Redactor/a jefe/a					AirTran Airways		68 Jay Street, Suite 315, Brooklyn	11201	USA	New York		888 864 1732 - 347 294 1220
AKTIV REISEN		Revista profesional			Redacción					Aktiv Reisen GmbH		Forchheimer Str. 14	91346	Alemania	Muggendorf		0049 91 96 99 85 66
ALADIERNO		Revista			Director /a							Paseo de aragón, 96	46120	Alboraya	Valencia		96 361 53 71
ALIMARKET		Revista profesional			Redactor/a					Publicaciones Alimarket, S.A.		 Valentín Beato, 22-3ª planta	28037	Madrid	Madrid		913274340
ALIMENTACIÓN, EQUIPOS Y TECNOLOGIA		Revista técnica			Director /a												944285600
ALIMENTARIA		Revista técnica			Redactor/a jefe/a												914469659/01
ALTA DIRECCIÓN		Revista			Redacción					Alta Dirección, S.A.		Avda. Infanta Carlota, 123, 6.º A, 5.ª	8029	Barcelona	Barcelona		934 109 619
ALTA GAMA		Revista			Redactor/a					Editorial Grupo V		Valportillo Primera, nº 11	28108	Madrid	Alcobendas	91 662 21 37	91 141 69 14
ALTAÏR		Revista			Director /a									Barcelona	Barcelona		934989514
AMERICAN WAY MAGAZINE		Revista			Redacción					American Way		4333 Amon Carter Blvd., MD 5374 Fort Worth	TX 76155	USA	Texas		(817) 967-1784
ANAT (ROMANIAN ASSOCIATION OF TRAVEL AGENTS)		Revista profesional			Presidente					National Association of Romanian Travel Agency		North Orbital Road. 59 et. 4 ap 401, sector 1, code 013 934	-	Rumanía	Bucarest		021 321 19 08
ANDALUCIA GOLF - ESPAÑA GOLF		Revista			Director /a												952828976
AR		Revista			Coordinador/a de redacción					Hearst Magazines S.L.		Gran Via de les Corts Catalanes 133, 3ª Planta	8014	Barcelona	Barcelona	93 430 80 05	93 430 10 04
AR.ES		Internet medio digital			Redactor/a					Hearst Magazines S.L.		 Lezama, 16	28034	Madrid	Madrid		91 728 87 00
ARA		Prensa diaria			Corresponsal					Edició de Premsa Periòdica Ara, SL				Girona	Girona		
ARA CIÈNCIA		Suplementos			Freelance					Edició de Premsa Periòdica Ara, SL		Diputació, 119	8015	Barcelona	Barcelona		93 202 95 95
ARA CRIATURES		Suplementos			Redactor/a jefe/a					Edició de Premsa Periòdica Ara, SL		Diputació, 119	8015	Barcelona	Barcelona		932029595
ARA EMPRENEM		Suplementos			Freelance					Edició de Premsa Periòdica Ara, SL		Diputació, 119	8015	Barcelona	Barcelona		93 202 95 95
ARA LLEGIM		Suplementos			Redactor/a					Edició de Premsa Periòdica Ara, SL		Diputació, 119	8015	Barcelona	Barcelona		93 202 95 95
ARA MESTRES		Suplementos			Redactor/a					Edició de Premsa Periòdica Ara, SL		Diputació, 119	8015	Barcelona	Barcelona		93 202 95 95
ARA PLAY		Suplementos			Coordinador/a					Edició de Premsa Periòdica Ara, SL		Diputació, 119	8015	Barcelona	Barcelona		93 202 95 95
ARA TU		Suplementos			Coordinador/a					Edició de Premsa Periòdica Ara, SL		Diputació, 119	8015	Barcelona	Barcelona		93 202 95 95
ARA TV		TV			Productor/a					Edició de Premsa Periòdica Ara, SL		Diputació, 119	8015	Barcelona	Barcelona		93 202 95 95
ARIADNA (EL MUNDO)		Suplementos			Director /a					Unidad Editorial Información General S.L.U.				Madrid	Madrid		91 443 50 00
ARTE Y JOYA		Revista			Redactor/a					Grupo Duplex S.A.		Vía Laietana 71, pral.	8003	Barcelona	Barcelona		93 318 37 38
ARUSCITYS (8TV)		TV			Productor/a					Emissions Digitals de Catalunya S.A.U.		Edifici Imagina, Carrer Gaspar Fàbregas 81	8950	Barcelona	Esplugues de Llobregat	93 270 47 93	93 270 47 00
AS		Prensa diaria			Jefe/a de sección					DIARIO AS, S.L		Valentín Beato, 44	28037	Madrid	Madrid		91 375 25 37
ASIA CITY MEDIA GROUP		Revista			Redacción					Asia City Media Group		 301 Hollywood Centre, 233 Hollywood Road	-	Hong Kong	Hong Kong		(852) 2850 5065
AsModa.com		Internet medio digital															
AsModa.com		Internet portal temático			Redactor/a jefe/a												91 543 72 94
ASSOCIATION MEETINGS INTERNATIONAL		Revista profesional			Redactor/a					CAT Publications		Fairway House, Portland Road, East Grinstead, West Sussex	RH19 4ET	Reino Unido	Sussex		0044 13 4230 6713
ATELIER MUJER		Revista			Redactor/a jefe/a							Avda. Josep Tarradellas,126-128. Ent. 2B	8029	Barcelona	Barcelona		93 419 48 43
AUSBANC		Revista			Jefe/a de sección					Ausbanc Consumo		Marqués de Urquijo nº 44, 1º	28008	Madrid	Madrid		91 541 07 57 - 91 542 99 12
AUSTRALIAN WAY					Redacción					Qantas Airways		10 Bourke Road	NSW 2020	Australia	Mascot 		(02) 9282 8856
AUTO VERDE 4X4		Revista			Coordinador /a												96 380 21 02
AUTOAVENTURA 4X4		Revista			Redacción												
Autobild 4x4		Revista			Redactor/a												607 42 02 35
AUTOFÁCIL		Revista			Redactor/a jefe/a									Madrid	Madrid		913 546 000
AUTOMOCIONBLOG.COM		Blog			Redactor/a jefe/a												691 239 363
AUTOMÓVIL		Revista			Redactor/a jefe/a									Madrid	Madrid		91 347 01 00
AUTOPISTA		Revista			Redactor/a					Motorpress Ibérica (MPIB)				Madrid	Madrid		91 347 02 78
AUTORENTING		Revista			Redactor/a									Madrid	Madrid		91 713 02 60
AVIADOR		Revista			Redactor/a jefe/a												629010203
B SPIRIT		Revista			Redactor/a					Brussels Airlines		141-143 Shoreditch High St	E1 6JE	Reino Unido	London		44 (0)207 613 8784 - 44 20 7613 8777
B/Glame-it		Blog															
BABYRADIO		Radio			Director/a de Márketing							 Manantial, 13 - Edificio CEEI - Oficinas 205 y 206	11500	Cádiz	El Puerto de Santa María		
BAIXAGASTRONOMIA.CAT		Internet portal temático			Periodista Blogger					Baixagastronomia.cat							
BALTIC OUTLOOK MAGAZINE		Revista profesional			Redactor/a					Air Baltic				Letonia			37167293970
BANGKOK AIRWAYS MAGAZINE		Revista			Redacción					Bankok Airlines		89 Neil Road	#03-01	Malaysia	Singapore		0065 6324 2386
BARCELONA DELUXE		Revista			Director/a					Grup Le City Deluxe		Paseo de Gracia, 118 Principal	8008	Barcelona	Barcelona		93 255 31 71
BARCELONA DIVINA		Revista			Director/a					Barcelona Divina S.L.		Tuset 34, Entresuelo A	8006	Barcelona	Barcelona		93 518 13 28
BARCELONA METROPOLITAN		Revista			Redacción					Creative Media Group S.L.		Ciutat 7, 2-4	8002	Barcelona	Barcelona		93 451 44 86
BARCELONA PRESTIGE		Revista			Editor/a					JM Publicitat 88 S.L.		Concepción Arenal 94-98, Entresuelo 2ª Esc. Derecha	8027	Barcelona	Barcelona		93 418 58 56
BARCELONÉS		Revista			Freelance					Revistas Exclusivas S.L.		Santa Agata 4-6, 3ª Planta	8012	Barcelona	Barcelona		93 241 27 55 - 93 218 78 21
BARCOS & YACHTING MOTOR VELA		Revista			Director /a					Editorial Grupo V		Moià, 1, 2a Planta	8006	Barcelona	Barcelona		932414251
BARRABES.COM		Internet portal temático			Redacción												
BBT ONLINE		Internet portal temático			Delegado/a de public./editorial					BBT Online		Rue de Toulouse 49	1040	Bélgica	Brussels		0032 476 26 75 67
BCNPRESS:NET		Internet portal temático			Director/a									Barcelona	Barcelona		607 21 57 21
BE AND LIFE		Revista			Director /a							 Jerónimo Zurita 15 - 3º Dcha Ofic. B	50001	Zaragoza	Zaragoza		
BEAUTY QUALIFIED		Revista profesional			Redactor/a jefe/a							Pº Zorrilla, 56	47006	Valladolid	Valladolid		983 586 046
BEKIA WEB		Internet portal temático			Redactor/a jefe/a							Santa Leonor, 65. edif E-1ºB	28037	Madrid	Madrid		91 769 22 44
BELL'EUROPA		Revista			Redactor/a					Cairo Editore		Sede Sociale Corso Magenta 55	20123	Italia	Milano		0039 339 5340726
BETWEEN BUSINESS TRAVEL		Revista profesional			Redacción					Between Business-Travel		Postbus 45	8170	Holanda	AC Vaassen		0031578 576 224
BFTP					Redacción					Belgian Fedetarion of Tourist Press				Bélgica			0032 3 636 12 42
BGUIDED		Internet portal temático			Director /a									Barcelona	Barcelona		932247135
BLOGSFARM		Blog															
BLUE MAGAZINE					Redactor/a					Aegean Airlines		Viltanioti 31, Kifisiá	145 64	Grecia	Atenas		210 626 1700
BRANDNEW STRATEGY					Director/a					Brand New Strategy		Bailen 95-97, Principal 2ª	8009	Barcelona	Barcelona		
BRAVO		Revista			Redactor/a					HEINRICH BAUER EDICIONES S.L.		Calle Pedro Teixeira, 8 - 5º planta	28020	Madrid	Madrid		91 547 68 00
BTV		TV			Productor/a					Informació i Comunicació de Barcelona S.A. (ICB)		Plaça Tísner 1	8018	Barcelona	Barcelona	93 506 42 00	93 218 46 48 
BUSINESS TRAVEL		Revista profesional			Redacción					Business Travel		Heinrich-Könn-Str. 98	40625	Alemania	Düsseldorf		0049 21 12 95 11 1
BUSINESS TRAVEL NEWS		Revista profesional			Redactor/a jefe/a					BTN Group		116 W. 32nd St., 14th Floor	NY 10001	USA	New York		(646) 380-6263
BUSINESS TRAVEL NEWS RUSSIA		Revista profesional			Redacción					BTN Group				Rusia			0095 776-5522
BUSINESS TRAVELLER		Revista profesional			Redacción					Business Traveller		Schulstraße 34	80634	Alemania	München		0049 89 13 01 43 20
BUSINESS TRAVELLER UK		Revista profesional			Redactor/a jefe/a					Business Traveller		5th floor Warwick House, 25 Buckingham Palace Road	SW1W 0PP	Reino Unido	London		0044 20 7821 2700
BUSINESS&CLASS		Revista			Director/a					Business&Class							
BUYER BUSINESS CLUB		Revista profesional			Redactor/a					Buyers' Networking Club		Fairmont House, 9 Rowan Drive	RG45 6RY	Reino Unido	Crowthorne		0044 78 4151 8708
BUYING BUSINESS TRAVEL		Revista profesional			Delegado/a de public./editorial					Buying Business Travel		5th Floor, Warwick House, 25-27 Buckingham Palace Road	SW1W 0PP	Reino Unido	London		0044 20 7821 2715
C&C MAGAZINE		Revista profesional			Editor/a					Ediciones Planet Look		Francesc Layret, 65	8911	Barcelona	Barcelona		93 389 19 19
CABINES		Revista profesional			Redactor/a							 Muntaner, 200, 3º, 5ª	8036	Barcelona	Barcelona		934140567
Caddie Golf Magazine		Revista			Editor/a									Madrid	Madrid		914027668
Cadena COPE		Radio			Redactor/a					Radio Popular S.A.				Madrid	Madrid		91 320 41 36
CADENA SER		Radio			Redactor/a					Grupo Prisa Radio		Casp 6	8010	Barcelona	Barcelona		933441400
CALLE 20		Suplementos			Redactor/a jefe/a					Grupo 20 minutos		Condesa de Venadito, 1 - Planta 2 Derecha	28027	Madrid	Madrid		91 701 56 00
CAMÍ PARTICULAR (BTV)		TV			Director/a					Informació i Comunicació de Barcelona S.A. (ICB)		Plaça Tísner 1	8018	Barcelona	Barcelona	93 506 42 00	93 218 46 48 
CAMPO BASE		Revista			Redactor/a					Editorial CampoBase S.L.		Calle Alfonso XII, Nº36, 3ºIzq - 81 25	28014	Madrid	Madrid		91 702 75 86
CAMPOS DE TIRO		Revista			Secretario/a de redacción					Devinco Europa 2000 S.L.		C/ Rodríguez San Pedro 2, Despacho 205.	28015	Madrid	Madrid		914 480 253
CANADIAN TRAVEL PRESS					Redactor/a jefe/a					Baxter Travel Media				Canadá			1 416 968 72 52
CANAL CAZA Y PESCA (CANAL +)		TV			Productor/a					DTS, S.A		Av. Artesanos, 6 	28760	Madrid	Tres Cantos		91 736 88 21
CAPITAL		Revista			Director/a					DIXI PRESS		Alfonso XI 4, 3 planta	28014	Madrid	Madrid		91 523 92 12
CAPITANES DE MAR 		Internet portal temático			Redactor/a jefe/a									Barcelona	Barcelona		932214457
CAR		Revista			Director/a					Prisa Revistas		Valentín Beato, 48  3ª Planta	28037	Madrid	Madrid		
CAR & DRIVER		Revista			Director/a					Hearst Magazines S.L.				Madrid	Madrid		91 728 7000
CARRERAS DE MONTAÑA		Revista												Madrid	Madrid		91 852 07 18
CASA DIEZ		Revista			Redactor/a					Hearst Magazines S.L.		Avda. Cardenal Herrera Oria,3	28034	Madrid			
CASACOCHECURRO.COM		Internet medio digital															
CASACOCHECURRO.COM		Internet portal temático			Redactor/a												
CASAR-SE A CATALUNYA (Webnovias)		Revista			Redactor/a					Ediciones ADG S.L.		Casanova 209, Principal 1	8021	Barcelona	Barcelona		93 201 12 16
CASAR-SE A CATALUNYA (Webnovias)		Revista			Redactor/a					Ediciones ADG S.L.		Casanova 209, Principal 1	8021	Barcelona	Barcelona		93 201 12 16
CASAR-SE A CATALUNYA (Webnovias)		Revista			Redactor/a jefe/a					Ediciones ADG S.L.		Casanova 209, Principal 1	8021	Barcelona	Barcelona		93 201 12 16
CAT PUBLICATIONS		Revista profesional			Redactor/a					Centre for Alternative Technology Publications		Machynlleth, Powys, Wales	SY20 9AZ	Reino Unido	London		01654 705980
CATAKRACK (BTV)		TV			Coordinador/a					Informació i Comunicació de Barcelona S.A. (ICB)		Plaça Tísner 1	8018	Barcelona	Barcelona	93 506 42 00	93 218 46 48
CATALUNYA EMPRESARIAL		Revista			Director/a					Prensa Económica S.L.		Muntaner 200, 2ª Planta, 6º	8036	Barcelona	Barcelona		93 200 16 15
CATALUNYA EMPRESARIAL		Revista			Redacción					Prensa Económica S.L.		Muntaner 200, 2ª Planta, 6º	8036	Barcelona	Barcelona		93 200 16 15
CATALUNYA RÀDIO		Radio			Editor/a					Televisió de Catalunya, S.A. 		Carrer de Jacint Verdaguer 0	8970	Barcelona	Barcelona		93 306 92 00
CATALUÑA ECONÓMICA		Revista			Delegado/a de public./editorial					Cataluña Económica		Pau Casal 36, Local 2 BIS	8172	Barcelona	Sant Cugat del Vallès		93 675 04 54
CATERER AND HOTEL KEEPER		Revista profesional			Redactor/a					Caterer and Hotelkeeper		TWGCA LLP, 52 Grosvenor Gardens	SW1W 0AU	Reino Unido	London		44(0) 20 7881 4802
CAZA DEPORTIVA		Revista			Director /a					Federación Andaluza de Caza (FAC)		Los Morenos s/n	29300	Málaga	Arcbidona		952 714 871
CAZA Y SAFARIS		Revista			Redacción					Cega Multimedia, S.A.		 Anabel Segura, 11, Edificio A 3ºC (Arroyo de la Vega)	28100	Madrid	 Alcobendas 		913 192 671
CAZARMAS 		Revista			Director Publicidad					Editorial Grupo V		Moià, 1, 2a Planta	8006	Barcelona	Barcelona		932414251
CAZAYAMIGOS.COM		Internet portal temático															
CHANCE		Internet portal temático			Redactor/a					EUROPA PRESS							
CHARHADAS.COM		Internet portal temático			Director /a									Madrid	Madrid		913576001
CHEF-CLUB		Revista profesional			Delegado/a de public./editorial					Cooking Books S.L.				Barcelona	Barcelona		93 459 29 29
CHICAGO CONNECTIONS					Director/a					Choose Chicago		301 East Cermak Road	IL 60616	USA	Chicago		+1 312 567 8500
ChurchillAndRufus		Blog															
CICLISMO A FONDO		Revista			Director/a									Madrid	Madrid		91 347 01 00
CICLOSFERA		Revista			Director/a							Sebastián Elcano, 30-32	28012	Madrid	Madrid		915 193 413
CIM NEWSBYTES		Revista profesional			Redactor/a					Creative Head Media Pty Ltd		PO Box 189	NSW 1590	Australia	St Leonard		+61 294 382 30
CINCO DIAS		Prensa diaria			Jefe/a de sección					ESTRUCTURA GRUPO DE ESTUDIOS ECONÓMICOS S.A.		Miguel Yuste,42	28037	Madrid	Madrid		91 538 61 00
CINCO SENTIDOS (Cinco Días)		Suplementos			Redactor/a					ESTRUCTURA GRUPO DE ESTUDIOS ECONÓMICOS S.A.		Miguel Yuste,42	28037	Madrid	Madrid	93 389 94 40	91 538 61 00
CITY LIFE		Revista			Asistente					City Life				Hong Kong			852 3102 8700
CLARA		Revista			Coordinador /a					RBA Revistas SL				Barcelona	Barcelona		934 157 374
CLUB CORTE INGLES		Revista			Redactor/a jefe/a												
CLUB XTREME TV		TV												Barcelona	Barcelona		
CMD SPORT		Revista profesional			Redactor/a												93 680 11 11
COCHE ACTUAL		Revista			Redactor/a					Motorpress Ibérica (MPIB)		Ancora, 40	28045	Madrid	Madrid		91.347.01.57
COIFFURE PROFESSIONNELLE		Revista profesional			Redactor/a							C/Fuentelviejo, 40	8022	Madrid	Madrid		91 747 80 00
COLPISA		Agencia de noticias			Redactor/a					AGENCIA COLPISA, S.L.U.		Avenida Juan Ignacio Luca de Tena, 7	28027	Madrid	Madrid	91 339 96 27	91 339 90 00 / 91 339 90 05
CON MAPA Y GPS		Blog			Redactor/a												
CONDÉ NAST TRAVELER		Revista			Redactor/a Web					Ediciones Condé Nast, S.A				Madrid	Madrid		91 829 08 21
CONDÉ NAST TRAVELER CANADA		Revista			Director/a					Conde Nast Traveller Internationally				USA			
CONDÉ NAST TRAVELER DUBAI		Revista			Director/a					Conde Nast Traveller Internationally				Emiratos Árabes			
CONDÉ NAST TRAVELER GREECE		Revista			Director/a					Conde Nast Traveller Internationally				Grecia			
CONDÉ NAST TRAVELER ITALY		Revista			Director/a					Conde Nast Traveller Internationally				Italia			
CONDÉ NAST TRAVELER NY		Revista			Delegado/a de public./editorial					Condé Nast Digital				USA			
CONFERENCE AND INCENTIVE MANAGEMENT		Revista profesional			Redactor/a					T&M Media GmbH & Co. KG		Hilpertstraße 3	D-64295	Alemania	Darmstadt		0049 61 51 39 07 952
CONFERENCE AND INCENTIVE TRAVEL		Revista profesional			Redactor/a					Haymarket Media Group Ltd.				Reino Unido	London		0044 20 8267 4285
CONGRESS TODAY		Revista profesional			Redacción					Congress Today				Italia			+39 02.29419135 
CONGRESS WERELD		Revista profesional			Redacción					Vakwereld BV		Tav. CongresWereld, Postbus 101	1260 AC	Holanda	Blaricum		087-8742062
CONNEXIÓ BARCELONA (BTV)		TV			Presentador/a					Informació i Comunicació de Barcelona S.A. (ICB)		Plaça Tísner 1	8018	Barcelona	Barcelona	93 506 42 00	93 218 46 48 
CONTRASTE		Revista profesional			Redactor/a jefe/a					Grupo Duplex S.A.		Vía Laietana 71, pral.	8003	Barcelona	Barcelona		93 318 37 38
CONVEGNI, INCENTIVE & COMUNICAZIONE		Revista profesional			Redactor/a					Ediman srl 		Via Ripamonti, 89	20141	Italia	Milano		+39 02 57311511
CONVENTION NET		Internet portal temático			Redactor/a					H.W.G. Marketing & Werbung		Wiedbachstraße 50	D-56567	Alemania	Neuwied		0049 26 31 96 46 38
CONVERSES (RÀDIO 4)		Radio			Redactor/a					RNE		Carrer Roc Boronat 127	8018	Barcelona	Barcelona		93 304 81 00 - 93 304 81 91
COOLTURE MAGAZINE		Revista			Director /a					Coolturemag		Viladomat 99, ático 2	8015	Barcelona	Barcelona		933 256 022
CORPORATE PLANNER		Revista profesional			Redacción					THEPLANNER.be bvba		Gustaaf vanden Meerschestraat 42	9000	Bélgica	Gante		0032 9 329 02 73 
CORREDOR DE MONTAÑA		Revista			Director /a												699 099 776
CORREO FARMACÉUTICO		Revista profesional			Redactor/a					Unidad Editorial Revistas SLU		Pº Castellana, 66, 3º	28046	Madrid	Madrid		91 443 63 96
CORRICOLARI		Revista			Redactor/a												
COSASDEBELLEZA.COM		Internet portal temático			Redactor/a					COSASDE				Madrid	Madrid		91.399.14.72
COSASDEBELLEZA:COM		Internet medio digital															
COSASDEMODA.COM		Internet medio digital															
COSASDEMODA.COM		Internet portal temático			Redactor/a					COSASDE				Madrid	Madrid		
COSMETIC SURGERY TIMES		Internet portal temático			Redactor/a									Madrid	Madrid		91 500 20 77
COSMOHISPANO		Internet medio digital			Editor/a					GyJ Publicaciones Internacionales, S.L. y Cía. S. en C.,		C/Albasanz,15. Edif. A	28037	Madrid	Madrid		91 436 98 00 (ext. 2038)
COSMOPOLIS MAGAZIN		Revista			Redactor/a jefe/a					Cosmopolis				República Checa			
COSMOPOLITAN		Revista								G+J España							
COSMOPOLITAN		Revista			Freelance					GyJ Publicaciones Internacionales, S.L. y Cía. S. en C.,		Rambla de Catalunya, 91-93	8008	Barcelona	Barcelona		93 240 10 00
COT BUSINESS		Revista profesional			Redactor/a					COT media s.r.o.				República Checa			+420 226 257 742
CRECER FELIZ 		Revista			Estilista					Hearst Magazines S.L.				Madrid	Madrid		
CRONOS MAGAZINE		Revista			Director/a					Curt Ediciones, SA		Consell de Cent, 398	8009	Barcelona	Barcelona		93 318 01 01
CRONOTEMPVS		Internet medio digital			Redacción					Cronotempvs							
CRUCEROS Y DESTINOS		Revista			Publicidad									Pontevedra	Pontevedra		
CUATRO (INFORMATIVOS)		TV			Redactor/a					Mediaset España							93 343 69 10
CUERPOMENTE		Revista			Redactor/a jefe/a							Pérez Galdós, 36	8012	Barcelona	Barcelona		93 415 73 74
CUINA		Revista								Sàpiens Publicacions							
CUINA		Revista			Director/a					Sàpiens Publicacions		Premià, 15, 2a planta	8014	Barcelona	Barcelona	93 389 94 60	93 464 63 68 
CULTURAGASTRO.COM		Internet portal temático			Periodista Blogger					Culturagastro.com							
CUORE		Revista			Redactor/a					Zoom Ediciones, S.L.		Orduña, 3	28034	Madrid	Madrid		915863300
CUORE STILO		Suplementos			Freelance					Zoom Ediciones, S.L.		Orduña, 3	28034	Madrid	Madrid		91 747 30 19
CUORE.ES		Internet medio digital			CM					Zoom Ediciones, S.L.		Orduña, 3	28034	Madrid	Madrid		915863300
CUPATGES		Revista			Director/a					Stilgraphic S.L. 		Independència 384-386, ent., despacho 1	8041	Barcelona	Barcelona		93 433 49 00
CYL					Coordinador /a							Fluvià, 81-87	8019	Barcelona	Barcelona		93 303 68 90
DAY TRAVEL MAGAZINE		Revista profesional			Redactor/a jefe/a					Redazione DAYTRAVEL		V ia C. Colombo, 11	10128	Italia	Torino		011/593827
DDERMIS		Revista profesional			Redactor/a jefe/a									Barcelona	Barcelona		931 85 05 77
DDONA		Revista			Delegado/a de public./editorial					dDona Edicions s.c.p.		Camèlies 99 4rt 1a	8024	Barcelona	Barcelona		93 321 37 38
DE MODA EN LA CIUDAD		Revista			Redactor/a jefe/a							Avda. Santiago Ramón y Cajal, 5	3203	Alicante	Torrellano		
DE VIAJES		Revista			Jefe/a de sección					Hearst Magazines S.L.		Av. Cardenal Herrera Oria, 3	28034	Madrid	Madrid		917 286 777
DECOLLAGE MAGAZINE		Revista			Editor/a												
DEIXA'M TASTAR		Radio			Conductor/a					Ràdio Santa Perpètua (107 fm)		Camí de la granja, s/n	8130	Barcelona	Santa Perpètua de Mogoda		93 574 13 14
DELUXE BARCELONA		Revista			Director/a									Barcelona	Barcelona		93 481 43 42
DELUXES.NET		Internet portal temático			Director/a					Deluxes.net							
DESCOBRIR		Revista			Redactor/a					Sàpiens Publicacions				Barcelona	Barcelona		93 3899440
DESNIVEL		Revista			Director /a					Ediciones Desnivel SL.		Calle San Victorino, 8	28025	Madrid	Madrid		91 360 22 64
DESTINATIONS TRAVEL MAGAZINE		Revista profesional			Redactor/a					Destinations Travel Magazine				USA			4097410224
DESTINOS ACTUALES		Revista			Redacción												
DEVINIS.ORG		Internet portal temático			Periodista Blogger					Devinis.org							
DIARI DE GIRONA		Prensa diaria			Redactor/a					Grup Editorial Prensa Ibérica		Passeig General Mendoza 2	17002	Girona	Girona	97 220 20 42	97 220 20 66 
DIARI DE SABADELL		Prensa diaria			Director/a					Diari de Sabadell		Carrer Sant Quirze 37-41	8021	Barcelona	Sabadell		93 726 11 00
DIARI DE SANT CUGAT		Prensa diaria			Redactor/a					Premsa Local Sant Cugat S.L.		Sant Antoni 42	8172	Barcelona	Sant Cugat	93 590 86 00	93 589 62 82 
DIARI DE TERRASSA		Prensa diaria			Redactor/a jefe/a					Diari de Terrassa		Carrer de Vinyals 61	8221	Barcelona	Terrassa		93 728 37 14
DIARIO DE AVISOS		Revista profesional			Director/a					Canaria de Avisos S.A. (CANAVISA)		Calle Salamanca, 5	38006	Santa Cruz de Tenerife	Santa Cruz de Tenerife	 92 227 23 58	92 227 23 50
DIARIO EL DÍA		Prensa diaria			Redactor/a					Editorial Leoncio Rodríguez S.A.							92 223 83 00
DIARIO MÉDICO BCN		Revista			Redactor/a jefe/a					Unidad Editorial Revistas SLU							
DIARIO VASCO		Prensa diaria															
DIARIOCRITICO DE CATALUNYA		Internet portal temático			Director/a					Grupo Diariocrítico							93 217 56 50
DIETÉTICA Y SALUD		Revista			Coordinador /a					CSSL		Gabriel Miró, 7	28031	Barcelona	Barcelona		93 298 68 03
DIEZ MINUTOS		Revista			Estilista					Hearst Magazines S.L.		Avda. Cardenal Herrera Oria, 3	28034	Madrid	Madrid		91 728 89 85
DIEZDRACMAS		Blog															
DIFFUSION SPORT		Revista profesional			Publicidad					Difusión Ediciones, S.L. 		Rosellón, 102 entlo 1ª	8029	Barcelona	Barcelona		933235702
DINASTER		Internet portal temático			Redactor/a					Nycband S.L.		Murillo, 4	28010	Madrid	Madrid		91 447 31 16
DINERO Y SALUD		Revista		28008	C/ Altamirano nº 33, 					DINERO Y SALUD, S.L.							
DINTEL		Revista técnica			Editor/a									Madrid	Madrid		913 113 619
DIR EMOTIONS		Revista			Director /a									Barcelona	Barcelona		93 450 48 18
DIRIGENTES DIGITAL		Internet portal temático			Redactor/a jefe/a					Estructuras Globales Insight, SL		 Yugoslavia 3, local	28916	Madrid	Leganés		91 227 24 46
DISCAPNET.ES		Internet portal temático			Redactor/a									Madrid	Madrid		911210330
DIVENDRES (TV3)		TV			Presentador/a					Televisió de Catalunya, S.A. 		Carrer de Jacint Verdaguer 0	8970	Barcelona	Barcelona		93 499 93 33
DMEDICINA.COM		Internet portal temático			Redactor/a							Avda. San Luis, 25	28033	Madrid	Madrid		
DMODA		Revista			Redactor/a												
DobleModa		Blog															
DOC'S (BTV)		TV			Director/a					Informació i Comunicació de Barcelona S.A. (ICB)		Plaça Tísner 1	8018	Barcelona	Barcelona	93 506 42 00	93 218 46 48 
DOMINICAL (EL PERIODICO)		Suplementos			Redactor/a					Ediciones Primera Plana S.A.		 Consell de Cent 425-427	8009	Barcelona	Barcelona		932 65 53 53
DONES GOURMET		Internet portal temático			Periodista Blogger					Dones Gourmet				Barcelona	Barcelona		93 444 74 37
DONNA		Revista			Redactor/a jefe/a												
DOSSIER EMPRESARIAL		Revista			Jefe/a de sección					Dossier Empresarial		Orense, 16 - 3D	28020	Madrid	Madrid		91 770 13 93
DOVE MAGAZINE		Revista			Redactor/a					RCS MediaGroup S.p.A.		via Angelo Rizzoli, 8	20132	Italia	Milano		02.50.95.68.32
DRACVISIÓ		TV			Corresponsal					Canal Català - Girona Pla		Carrer Pare Claret , 2 Entresol A	17820	Girona	Banyoles		97 258 11 12
DT		Revista			Coordinador /a					MC Ediciones, S.A.		C/Orense Nº11	28020	Madrid	Madrid		91 279 67 72 (ext. 2079)
DTLUX.COM		Internet medio digital			Editor/a					MC Ediciones, S.A.		C/Orense Nº11	28020	Madrid	Madrid		91 279 67 72 
EASTERN AIRWAYS MAGAZINE		Revista			Delegado/a de public./editorial					Eastern Airways				Reino Unido	Durham		0044 19 1383 2838
EASYJET TRAVELLER MAGAZINE		Revista			Redactor/a									Reino Unido	London		0044 20 7613 8777
ECCUS		Revista			Redactor/a							 Odonell, 32, 1ª	28009	Madrid	Madrid		91 533 50 23
ECO VIAJES		Internet portal temático			Redacción									Madrid	Madrid		91 234 37 65
ECOMOVE.ES		Internet portal temático			Director /a									Madrid	Madrid		914 31 21 06
ECONOMÍA DIGITAL		Internet portal temático			Coordinador/a de redacción					Economía Digital S.L.		Rambla Catalunya 98, 7º 1ª	8008	Barcelona	Barcelona		93 488 12 66
ECUESTRE		Revista			Redactor/a							 Albasanz, 15 Edif. A. 	28037	Madrid	Madrid		91 436 98 00
EFE		Agencia de noticias			Delegado/a regional					Agencia EFE				Girona	Girona		
EFE TV CATALUNYA		Agencia de noticias			Redactor/a					Agencia EFE		Roc Boronat 127, 1ª Planta	8018	Barcelona	Barcelona		93 484 38 01
EL 9 ESPORTIU		Prensa diaria			Director/a					CECM SL.		Tàpies, 2. 	8001	Barcelona	Barcelona		93 227 66 00.
EL COMIDISTA (blog gastronómico)		Blog			Periodista Blogger					EDICIONES EL PAÍS, S.L.		Miguel Yuste 40	28037	Madrid	Madrid		91 337 82 00
EL CONFIDENCIAL		Internet portal temático			Redactor/a jefe/a					Titania Compañía Editorial, S.L.		Virgilio nº25 - 1º A/D	28223	Madrid	Pozuelo de Alarcón		91 376 86 77
EL DUENDE		Revista			Subdirector /a							De la Flora, 2	28013	Madrid	Madrid		91 364 46 88
EL ECONOMISTA		Prensa diaria			Freelance					EDITORIAL ECOPRENSA S.A.							
EL EMPRESARIO		Revista			Director/a					Cepyme		Diego de León, 56 1ºH	28006	Madrid	Madrid	91 411 61 61	91 187 75 37 
EL HUFFINGTON POST		Internet medio digital			Director/a					Prisa Noticias S.L.U.		 Miguel Yuste, 40	28037	Madrid	Madrid		91 337 82 00
EL MUNDO		Prensa diaria			Corresponsal					Unidad Editorial Información General S.L.U.				Girona	Girona		
EL MUNDO DE TU BEBÉ		Internet portal temático			Publicidad									Madrid	Madrid		915106600
EL MUNDO DEPORTIVO		Prensa diaria			Redactor/a					El Mundo Deportivo, S.A.				Barcelona	Barcelona		
EL MUNDO.ES		Internet medio digital				Madrid				Unidad Editorial Información General S.L.U.							
EL NORTE DE CASTILLA		Prensa diaria			Redactor/a							Vázquez de Menchaca, 10 (Polígono de Argales)	47008	Valladolid	Valladolid		983 41 21 00 (ext. 218)
EL NOTICIERO DIGITAL		Internet medio digital			Redactor/a jefe/a					El Noticiero Digital				Málaga		95 256 26 02	95 256  22 54
EL PAÍS		Prensa diaria			Freelance					EDICIONES EL PAÍS, S.L.		Miguel Yuste,42	28037	Madrid	Madrid		91 337 82 00
EL PAIS SEMANAL		Suplementos			Freelance					EDICIONES EL PAÍS, S.L.							
EL PERIÓDICO DE CATALUNYA		Prensa diaria			Corresponsal					Ediciones Primera Plana S.A.				Girona	Girona		
EL PERIÓDICO DE LA FARMACIA		Revista profesional		Capitán Haya 60	Editor/a	Madrid				Grupo Saned							
EL PERIÓDICO DEL MEDITERRÁNEO		Prensa diaria			Redactor/a					PROMOCIONES Y EDICIONES CULTURALES S.A		Cr Almazora s/n	12005	Castellón	Castellón		96 434 95 00
EL PLA B (BTV)		TV			Presentador/a					Informació i Comunicació de Barcelona S.A. (ICB)		Plaça Tísner 1	8018	Barcelona	Barcelona	93 506 42 00	93 218 46 48
EL PUNT AVUI		Prensa diaria			Coordinador/a					HERMES COMUNICACIONS S.A		Tàpies, 2	8001	Barcelona	Barcelona	93 227 66 00	93 316 39 00 
ELECONOMISTA.ES		Internet medio digital			Coordinador/a					EDITORIAL ECOPRENSA S.A.		Condesa de Venadito 1, 3º	28027	Madrid	Madrid		91 324 67 00
ELITE TRAVELER MAGAZINE		Revista			Redactor/a					Elite Traveler		708 Third Avenue, 10th Floor	NY 10017	USA	New York		646-430-7900
ELLE		Revista			Director /a					Hearst Magazines S.L.		Avda. Cardenal Herrera Oria, 3	28034	Madrid	Madrid		917287000
ELLE.ES		Internet medio digital			Freelance					Hearst Magazines S.L.		Av. Cardenal Herrera Oria, 3	28034	Madrid	Madrid		917 287 000
ELPERIODICO.COM		Internet medio digital		8009	Consell de Cent, 425-427	Barcelona				Ediciones Primera Plana S.A.							
ELPERIODICONAUTICO.COM		Internet portal temático			Redactor/a												
ELS MATINS (TV3)		TV			Coordinador/a					Televisió de Catalunya, S.A. 		Carrer de Jacint Verdaguer 0	8970	Barcelona	Barcelona		93 499 93 33
EMBARAZO SANO		Revista			Redacción							Príncipe de Vergara, 109 2ª	28002	Madrid	Madrid		91 447 12 02
EMBARCACIONES NEUMÁTICAS		Revista			Director /a							Consell de Cent, 398, bajos	8009	Barcelona	Barcelona		933180101
EMPRENDEDORES		Revista			Redactor/a					Hearst Magazines S.L.		Avda. Cardenal Herrera Oria,3	28034	Madrid	Madrid		91 728 70 00
Enfemenino.com		Internet medio digital															
Enfemenino.com		Internet medio digital															
Enfemenino.com		Internet medio digital															
Enfemenino.com		Internet portal temático			Redactor/a									Madrid	Madrid		915 140 640
ENFEMENINO.COM		Internet portal temático			Redactor/a jefe/a									Madrid	Madrid		91 514 06 40
ENFEMENINO:COM		Internet medio digital															
EPICUR MAGAZINE		Revista			Director/a					Selecpicur, S.L.		Edif. Octàvia, Vallespir 19, 2ª Planta	8173	Barcelona	Sant Cugat del Vallès		93 587 85 38
ESCLETXES (BTV)		TV			Director/a					Informació i Comunicació de Barcelona S.A. (ICB)		Plaça Tísner 1	8018	Barcelona	Barcelona	93 506 42 00	93 218 46 48 
ES-ESTILOS DE VIDA		Suplementos			Director/a					La Vanguardia Ediciones S.L.		Avda. Diagonal 477, 7º	8036	Barcelona	Barcelona		93 481 22 00
ESFORÇ PUBLICACIONS		Revista			Director /a												93 689 14 35
ESGUARD		Revista			Editor/a												97 318 64 00
ESPAI TERRA (TV3)		TV			Redactor/a					Televisió de Catalunya, S.A. 		Carrer de Jacint Verdaguer 0	8970	Barcelona	Sant Joan Despí		93 499 93 33
ESQUIRE		Revista			Delegado/a de public./editorial					SPAIN MEDIA MAGAZINES		 Doctor Fourquet 3	28012	Madrid	Madrid		91 206 10 40
ESQUIRE.ES		Internet medio digital			CM					SPAIN MEDIA MAGAZINES		 Doctor Fourquet, 3	28012	Madrid	Madrid		91 206 10 40
ESRADIO		Radio			Productor/a												
ESTAR BIEN		Revista profesional		28002	Suero de Quiñones, 34. 1ª Planta	Madrid				Contenidos e Información de Salud S.L.							
Estelepatia.com		Blog															
Estelepatia.com		Blog			Blogger												
EstherYSuMundo		Blog															
EstherYSuMundo		Blog			Blogger												
EstiloyModa.com		Internet portal temático			Redactor/a jefe/a												91 638 92 95
EUROPA MAGAZINE		Revista			Director/a Adjunto/a					Prisa Revistas		Valentín Beato, 48  3ª Planta	28037	Madrid	Madrid		91 538 61 04
EUROPA PRESS		Agencia de noticias			Corresponsal					EUROPA PRESS				Girona	Girona		
EVASIÓN		Revista			DIRECTOR EDITORIAL									Barcelona	Barcelona		937343064
EVENTOPLUS.COM		Internet portal temático															
EVENTS MAGAZINE		Revista profesional			Redacción					Werbe- und Verlags-Gesellschaft Ruppert mbH		Emil-Hoffmann-Straße 13	D-50996	Alemania	Köln		0049 22 36 33 66 10
EXCLUSIVE (EL PERIÓDICO)		Suplementos			Delegado/a de public./editorial					Ediciones Primera Plana S.A.							
EXHIBITING MAGAZINE		Revista			Editor/a					Mash Media Group Ltd		4th Floor Sterling House, 6-10 St Georges Road	SW19 4DP	Reino Unido	London		0044 20 8971 8282
EXHIBITION NEWS		Revista profesional			Redactor/a					Mash Media Group Ltd		4th Floor Sterling House, 6-10 St Georges Road	SW19 4DP	Reino Unido	London		0044 20 8971 8282
EXPANSIÓN		Prensa diaria			Corresponsal					Unidad Editorial Información Económica, S.L.							91 443 50 00
EXPERTOS EN ESTÉTICA		Revista			Redactor/a jefe/a							 Fuentelviejo, 40	28022	Madrid	Madrid		91 747 80 00
EXPOCULTUR		Revista			Redactor/a									Madrid	Madrid		91 663 70 07
EXPOVISIE		Revista profesional			Redactor/a					Het Portaal Uitgevers B.V.		Veerdijk 40-I	1531 MS	Holanda	Wormer		003175 647 57 47
EXPRESS HOSPITALITY		Revista profesional			Redacción					The Indian Express Ltd		Business Publications Division, 1st Floor, Express Towers, Nariman Point	400 021	India	Mumbai		022 - 67440000/ 22022627
FAMILIA (ABC) 		Suplementos			Coordinador/a							 Avda. San Luis,25	28033	Madrid	Madrid		913399000
FARMACIA PROFESIONAL		Revista profesional			Redactor/a					Elsevier				Barcelona	Barcelona		93 200 07 11
Fashion&Sport watch		Revista			Jefe/a de sección									Madrid	Madrid		913774640
FASHIONFANATICOS.COM		Internet portal temático															
Fashionsalade.com		Internet portal temático			Director /a												
FEDER PESCAMAR		Revista			Redactor/a jefe/a							Moià, 1, 2a Planta	8006	Barcelona	Barcelona		91 662 21 37
FEDERCAZA		Revista								Editorial Grupo V		Valportillo Primera, nº 11	28108	Madrid	Alcobendas		91 662 21 37
FHM		Revista			Delegado/a de public./editorial					MC Ediciones, S.A.		Orense, 11	28020	Madrid	Madrid		91 597 30 90
FHM.ES		Internet medio digital			Delegado/a de public./editorial					MC Ediciones, S.A.		Orense, 11	28020	Madrid	Madrid		91 5973090
FIERE, CONGRESSI & RELAX		Revista profesional			Redactor/a					Fieri, Congresse & Relax				Italia			+39 0541 623690
FINANCIAL DIRECTOR		Revista profesional			Director del grupo de publicación					Incisive Media Investments Limited 2013		Haymarket House, 28-29 Haymarket	SW1Y 4RX	Reino Unido	London		0044 20 7316 9608
FINISHER		Revista			Redactor/a jefe/a									Madrid	Madrid		91 315 16 16
FONDEAR		Internet portal temático			Redacción									Madrid	Madrid		916 319 190
FORO-OVERLAND		Blog			Redactor/a												622851215
FUERA DE SERIE		Suplementos			Freelance					Unidad Editorial Información Económica, S.L.				Madrid	Madrid		91 443 65 19
GACETA UNIVERSITARIA		Revista			Redactor/a										Madrid		91 443 65 51
GADGET		Revista			Editor/a					Editorial Grupo V		Valportillo Primera, nº 11	28108	Madrid	Alcobendas		91 662 21 37
Gadgetos		Internet portal temático			Redacción												
GafasAmarillas.com		Blog															
GENTE VIAJERA (ONDA CERO)		Radio			Director/a					Onda Cero, S.A.U.		Rambla 88-94, 4ª Planta	8036	Barcelona	Barcelona		93 343 54 20
GENTESINGLE		Internet portal temático			Director/a							Rambla de Catalunya 80	8008	Barcelona	Barcelona		609701368
GENTLEMAN		Revista			Freelance					Prisa Revistas		Valentín Beato 48, 3ª planta. 	28037	Madrid	Madrid		
GEO		Revista			Director /a					GyJ España Ediciones, S.L.,S. en C.,		Albasanz, 15, Edificio A. 	28037	Madrid	Madrid		914369800
GLAMOUR		Revista			Coordinador /a					Ediciones Condé Nast, S.A		Pº de la Castellana, 9-11, 2º	28046	Madrid	Madrid		918290860
GLAMOUR.ES		Internet medio digital			Editor/a					Conde Nast Digital		Pº de la Castellana, 9-11, 2º	28046	Madrid	Madrid		91 7004170
GO MAGAZINE		Revista			Redactor/a					AirTran Airways		68 Jay Street, Suite 315, Brooklyn	NY 11201	New York	USA		347 294 1220
GOLD&TIME MAGAZINE		Revista profesional			Redactor/a jefe/a					NEXO EDITORES SA		Lope de Vega 13	28014	Madrid	Madrid		91 369 41 00
GOLF ANDALUZ		Revista			Redacción												902500886
GOLF DIGEST		Revista			Publicidad							Avda. San Luis, 25	28033	Madrid	Madrid		91 443 50 00
GOLF PLAYER		Revista			Director /a									Madrid	Madrid		91 561 01 71
GOURMET TRAVELLERS		Revista			Coordinador /a												(+65) 6737 3008
GOURMET`S		Revista			Redactor/a jefe/a									Barcelona	Barcelona		93 484 82 66
GQ		Revista			Coordinador /a					Ediciones Condé Nast, S.A		Pº de la Castellana, 9-11, 2º	28046	Madrid	Madrid		91 700 41 70
GQ.COM		Internet medio digital			Director /a					Condé Nast Digital		 Pº de la Castellana, 9-11, 2º	28046	Madrid	Madrid		91 700 41 70
GRÀCIA TV		TV			Redactor/a					Informació i Comunicació de Barcelona S.A. (ICB)		Plaça Tísner 1	8018	Barcelona	Barcelona	93 506 42 00	93 218 46 48 
GRAN HOTEL & TURISMO		Revista			Redactor/a jefe/a					Curt Ediciones, SA							93 318 01 01
GRANDES ESPACIOS		Revista			Redactor/a jefe/a					Ediciones Desnivel SL.				Madrid	Madrid		91 360 22 47
GRAZIA		Revista			Director /a					PRISMA PUBLICACIONES		C/Josefa Valcárcel, 42 - 3º	28027	Madrid	Madrid	91 4230391	91 563 03 69
GRAZIA.ES		Internet medio digital			CM					PRISMA PUBLICACIONES		C/Josefa Valcárcel, 42 - 3º	28027	Madrid	Madrid		91 563 03 69
Grup Flaix		Radio			Jefe/a de Informativos					Grup Flaix S.L.		Passeig de Gràcia 55, 9ª Planta	8007	Barcelona	Barcelona		93 505 55 55
GUÍA DEL NIÑO		Revista			Redactor/a					Guia del niño S.L. 		Alcalá, 106. 2.ª planta	8009	Madrid	Madrid		91 431 60 80
GUIA DEL OCIO BCN		Revista			Freelance					Taznia Media S.L				Barcelona	Barcelona		93 418 50 05
HARPER'S BAZAAR		Revista			Delegado/a de public./editorial					SPAIN MEDIA MAGAZINES		 Doctor Fourquet 3	28012	Madrid	Madrid		91 206 10 40
HARPERSBAZAAR.ES		Internet medio digital			Redactor/a					SPAIN MEDIA MAGAZINES		 Doctor Fourquet, 3	28012	Madrid	Madrid		912064044
HEADQUARTERS MAGAZINE		Revista profesional			Redacción					Meeting Media Company		59, rue René Declercq	B-1150	Bélgica	Brussels		0032 2 761 70 50 
HESTAR.COM		Internet medio digital															
HIGH LIFE		Revista			Redactor/a					British Airways Media		85 Strand	WC2R 0DW	Reino Unido	London		0044 20 7550 8100
HOLA		Revista			Freelance					Hola S.L.		Velázquez, 98	28006	Madrid	Madrid		
HOLA ESPECIAL COCINA		Suplementos			Coordinador /a					Hola S.L.		Velázquez, 98	28006	Madrid	Madrid		917021342
HOLA.COM		Internet medio digital			Redactor/a					Hola S.L.							91 702 13 00
Hombre10		Blog															
HOMOGASTRONOMICUS		Blog			Periodista Blogger					Homogastronomicus							
HORECA REVUE		Revista profesional			Redactor/a					Horeca		Vlasstraat 17	8710	Bélgica	Wielsbeke		0032 56 60 73 33
HOSPITALITY INSIDE		Revista profesional			Asistente de redacción					hospitalityInside GmbH		Paul-Lincke-Strasse 20	D-86199	Alemania	Augsburg		49 - 821 - 99 56 56
HOSPITALITY ON		Revista profesional			Redacción					Hospitality ON / Alcyon		5 rue de Dantzig		Francia	Paris		0033 1 56 56 87 87
HOSTELTUR		Revista profesional			Redactor/a												91 802 41 40
HOY CORAZON		Revista			Redactor/a jefe/a							JUAN IGNACIO LUCA DE TENA, 6, 3ª	28027	Madrid	Madrid		913 421 400
ICJ MICE MAGAZINE		Revista profesional			Redactor/a jefe/a					EC Incentive-, Marketing- und Consulting GmbH		Keltenring 22	85658	Alemania	Egmating		49(0) 8095 / 87 26 0
IDEAS+TELETODO		Suplementos			Redactor/a									Barcelona	Barcelona		932655353
IL GIORNALE DEL TURISMO		Revista profesional			Redactor/a jefe/a					Edizioni Progecta Srl		Via Largo Luigi Antonelli  14	145	Italia	Roma		0039 334.5031331
IMAGEN & BELLEZA		Revista			Coordinador /a							Calle Berlín, duplicado B	28028	Madrid	Madrid		91 726 91 82 
INCENTIVE & MOTIVATION		Revista profesional			Redactor/a					Incentive & Motivation				Reino Unido	London		0044 16 04 630798
INCENTIVE CONGRESS JOURNAL		Revista profesional			Redacción					EC Incentive-, Marketing- und Consulting GmbH		Keltenring 22	85658	Alemania	Egmating		49-8095) 87260
INFLIGHT MAGAZINE		Revista			Redacción					South East Asian Airlines		4th floor, Le Rose Building, 832 Edades Street corner Arnaiz Avenue, Legaspi Village		Filipinas	Makati City		
INFOFRANQUICIAS.COM		Internet portal temático			Redactor/a					Franchise & Retail Services Group		Vía Augusta 246	8021	Barcelona	Barcelona		902 401 122
INFONOMIA.TV		TV			Redacción					Zero Factory S.L.		C/Valencia 213, 1o 2a	8007	Barcelona	Barcelona		93 224 01 50
INFORMATIUS (BTV)		TV			Redacción					Informació i Comunicació de Barcelona S.A. (ICB)		Plaça Tísner 1	8018	Barcelona	Barcelona		93 218 46 48 - 93 506 42 00
INFORMATIVOS ANTENA 3 TV		TV			Coordinador/a					AtresMedia Televisión				Barcelona	Barcelona		93 480 94 07
INFORMATIVOS.NET		Internet portal temático			Fotógrafo					Informativos.Net							93 795 71 96
INSTYLE		Revista			Editor/a					RBA Revistas SL		López de Hoyos, 141, 1ª planta	28002	Madrid	Madrid		91 510 66 00
INTEGRAL		Revista			Director/a												932541250
INTEREMPRESAS		Revista profesional			Redactor/a					Nova Àgora, S.L.		Amadeu Vives, 20-22	8750	Barcelona	Molins de Rei		93 680 20 27
INTERIORES		Revista			Director/a					PRISMA PUBLICACIONES							93 492 68 68
INTERPRESS TURISM 		Revista profesional			Redactor/a					Interpress Tourism				Rumanía			0040 21 3129563
INTROVERSION		Revista			Redactor/a jefe/a							P.I. Can Boixadera, Local D Superior	8440	Barcelona	Cardedeu		93 871 35 10
IP MARK BARCELONA		Revista			Redactor/a												626 547 780
IT MAGAZINE		Revista			Redacción					Ediman srl 		Via Ripamonti, 89	20141	Italia	Milano		0039 02 57311511 
ITCM		Revista profesional			Director/a					Incentive Travel & Corporate Meetings		Bay Tree, 19-20 Beanacre, Melksham	SN12 7PT	Reino Unido	Wiltshire		0044 11 8973 5993
JARA y SEDAL		Revista			Director /a									Madrid	Madrid		913 277 950
Javitoandcool		Blog															
Javitoandcool		Blog			Blogger												
JO QUÉ SÉ (BTV)		TV			Director/a					Informació i Comunicació de Barcelona S.A. (ICB)		Plaça Tísner 1	8018	Barcelona	Barcelona		93 218 46 48 - 93 506 42 00
JOURNAL DES PALACES		Revista profesional			Director/a					Internet Presse Infos		46, rue de la Paix	F-10000	Francia	Troyes		0033 325 82 87 90
JOYA Moda		Revista			Coordinador /a					EDIMODA		 Jorge Juan, 68 . 5º 8	28009	Madrid	Madrid		91 551 91 97
JOYCE ESPAÑA		Revista			Redactor/a							Almirante, 15 – 1º izda.	28004	Madrid	Madrid		91 593 26 96
KINIRO MAGAZINE		Revista			Director /a												
KONGRES MAGAZINE		Revista profesional			Redactor/a jefe/a					Kongres Magazine				Eslovenia			
LA CARTELLERA (BTV)		TV			Coordinador/a					Informació i Comunicació de Barcelona S.A. (ICB)		Plaça Tísner 1	8018	Barcelona	Barcelona	93 506 42 00	93 218 46 48 
LA CAZA Y SU MUNDO		Revista			Director /a									Madrid	Madrid		915 061 768
LA GACETA		Prensa diaria			Redactor/a jefe/a					Intereconomía Corporación, SA		Paseo de La Castellana 36-38	28046	Madrid	Madrid		902 996 556
LA LUNA DE METRÓPOLI		Suplementos			Redactor/a					Unidad Editorial Información General S.L.U.		Avda. San Luis,25	28033	Madrid	Madrid		914436658
LA NIT A RAC1 		Radio			Productor/a					Radiocat XXI, SL		Diagonal 477, 15ª Planta	8036	Barcelona	Barcelona		93 270 44 00
LA NOCHE DE LA COPE		Radio			Director/a					Radio Popular S.A.		 Calle de Alfonso XI, 4	28014	Madrid			
LA RAMBLA (BTV)		TV			Presentador/a					Informació i Comunicació de Barcelona S.A. (ICB)		Plaça Tísner 1	8018	Barcelona	Barcelona	93 506 42 00	93 218 46 48 
LA RAZÓN		Prensa diaria			Director/a					AUDIOVISUAL ESPAÑOLA 2000 S.A.		Josefa Valcárcel 42	28027	Madrid	Madrid		91 324 70 00
LA TORRE DE BABEL		Radio			Director/a					Radio Kanal Barcelona		Gran Via de les Corts Catalanes 645, 2º 1ª	8008	Barcelona	Barcelona	93 342 72 20	93 468 55 55
LA TRIBUNA DE AUTOMOCIÓN		Internet portal temático			Redactor/a												647452296
LA VANGUARDIA		Prensa diaria								La Vanguardia Ediciones S.L.							
LA VANGUARDIA		Prensa diaria			Jefe/a de sección					La Vanguardia Ediciones S.L.		Avda. Diagonal 477, 7º	8036	Barcelona	Barcelona		
LA XARXA		Radio			Coordinador/a					Xarxa Audiovisual Local (XAL)		Travessera de les Corts 131-159, Pavelló Cambó, Recinte Maternitat	8028	Barcelona	Barcelona		93 508 06 00
L'ACCENT		Revista			Coordinador/a					L'Accent							
LADYGOLF.ES		Internet portal temático			Redactor/a					Mulligan , S.L.		Avda. Manel Girona, 68, local 2.	8860	Barcelona	Castelldefels		93 636 41 16
LAMONO		Revista			Director /a							C/Aribau, 15 1º 1ª	8011	Barcelona	Barcelona		93 272 49 81
LaOtraHormaDelZapato		Blog															
Las aventuras de 1 madre primeriza (ABC)		Blog			Blogger												
LAS PROVINCIAS		Prensa diaria			Subdirector /a					Valenciana Editorial Interactiva S.L				Valencia			96 350 22 11
LAS ROZAS FUSIÓN		Revista	Local	Mensual	Director /a							 Almendros, 20. Majadahonda	28221	Madrid	Madrid		91 544 15 50
LATITUDES LIFE		Revista profesional			Coordinador/a					Latitudes srl				Italia			0039 02 365 11073
LAVANGUARDIA.com		Internet medio digital		8036	Avda. Diagonal 477, 7º	Barcelona				INICIATIVAS DIGITAL MEDIA, S.L.							
L'AVENÇ		Revista			Subdirector /a					L'Avenç S.L.		Passeig de Sant Joan 26, 2º 1ª	8010	Barcelona	Barcelona		93 245 79 21
Le City Deluxe 		Revista			Redactor/a										Barcelona		934814342 / 93 368 38 68 
L'ECHO TOURISTIQUE		Revista profesional			Redactor/a jefe/a					Infopro Digital		Antony Parc 2, 10 Place du Général de Gaulle	BP 20156 - 92 186	Francia	Cedex		0033 1 77 92 97 35 
L'ECONÒMIC		Suplementos			Redacción					HERMES COMUNICACIONS S.A		Tàpies, 2	8001	Barcelona	Barcelona	93 227 66 00	93 316 39 00 
LECTURAS		Revista			Redactor/a					RBA Revistas SL		C/Pérez Galdós,  36 	8012	Barcelona	Barcelona		93 415 73 74
L'EVENEMENTIEL		Revista profesional			Redacción					L’ÉVÉNEMENTIEL				Francia	Paris		0033 1 46 96 43 85 
LIFESTYLE		Suplementos			Redactor/a jefe/a					AUDIOVISUAL ESPAÑOLA 2000 S.A.		Calaf, 24, 2º-2a	8021	Barcelona	Barcelona		932008266
L'INDEPENDENT DE GRÀCIA		Prensa diaria			Redactor/a					ACPG (Premsa Gratuïta i Mitjans Digitals)		Carrer La Perla 30	8012	Barcelona	Barcelona		93 217 44 10
LING		Revista			Redactor/a jefe/a										Barcelona		93 534 58 88
L-INK		Revista			Freelance							 Fernando VI 11 -1º D	28004	Madrid	Madrid		91 702 41 78
LivingShoes		Blog															
LO M+S		Revista			Redactor/a jefe/a					Revista lo Mas (Garraf y Baix Llobregat)							93 516 84 90
LONELY PLANET REVISTA		Revista			Publicidad					geoPlaneta		Avda. Diagonal, 662 Barcelona	8034	Barcelona	Barcelona		93 270 45 50
LOVE		Revista			Jefe/a de sección					Editorial Grupo V		 Valportillo Primera, nº 11	28108	Madrid	Alcobendas		911416938
LOVE COCINA		Suplementos			Director/a					Editorial Grupo V		 Valportillo Primera, nº 11	28108	Madrid	Alcobendas		
Luhho.com		Internet medio digital															
LUNA Y SOL		Revista			Director/a												
M!CE AND BUSINESS TRAVEL		Revista profesional			Redacción					M!CE & Events Travel		Stationsplein 3	1211 EX	Holanda	Hilversum		003135 672 88 48
Madre no hay más que 1 (ABC)		Blog			Blogger					DIARIO ABC, S.L.							
MADRID DELUXE		Revista			Director/a					Grup Le City Deluxe							
MADRID EN LA ONDA (ONDA CERO)		Radio	Local		Subdirector /a					Onda Cero, S.A.U.		C/Fuerteventura, 12. SS de los Reyes	28703	Madrid	Madrid		914 366 764
MADRIZ		Revista	Local		Editor/a adjunto/a					Revistas Exclusivas S.L.				Madrid	Madrid		91 436 20 95
MAGAZINE (EL MUNDO)		Suplementos			Freelance					Unidad Editorial Revistas SLU				Madrid	Madrid		91 750 65 68
MAGAZINE (LA VANGUARDIA)		Suplementos			Redactor/a					LV Magazine SA		Diagonal 477, 9ª Planta	8036	Barcelona	Barcelona		93 481 20 12
MAGNA SELECTIO		Revista			Director /a												
MAJADAHONDA AL DÍA		Revista	Local		Director /a							Tva/ Ramón y Cajal · nº3	28220	Madrid	Majadahonda		
mamassaludables.com		Blog			Blogger												
MANAGING SPORT		Revista			Redactor/a									Madrid	Madrid		91 825 77 75
MANDALA MAGAZINE		Revista			Redactor/a					MANDALA MAGAZINE				Singapur			
MAQUINAS DEL TIEMPO		Revista			Director de comunicación					EDICIÓN DE MEDIOS Y REVISTAS, S.L.		 Diputación, 286 Principal 1ª	8009	Barcelona	Barcelona		93 343 56 34
MAR ABIERTO		Revista			Director /a									Barcelona	Barcelona		
MARCA		Prensa diaria			Coordinador/a					Unidad Editorial Información Deportiva S.L.U.				Barcelona	Barcelona		934962498
MARICEL TELEVISIÓ		TV			Redactor/a					Xarxa Audiovisual Local (XAL)				Barcelona	Barcelona		93 811 18 44
MARIE CLAIRE		Revista			Director /a					GyJ Revistas y Comunicaciones, S.L. Sociedad Unipersonal,		 Albasanz, 15 Edif. A. 	28037	Madrid	Madrid		91 4369800
MARIECLAIRE.ES		Internet medio digital			CM					GyJ Revistas y Comunicaciones, S.L. Sociedad Unipersonal,		 Albasanz, 15 Edif. A. 	28037	Madrid	Madrid		
MARINALIVE!		Revista			Redactor/a									Mallorca	Palma de Mallorca		971675216
MarioDeLaRenta		Blog															
MC - MEETINGS AND CONVENTIONS		Revista profesional			Editor/a					Northstar Travel Media LLC.				Reino Unido	London		0044 20 1902 1966
MEETING E CONGRESSI		Revista profesional			Redactor/a jefe/a					Ediman srl 		Via Ripamonti, 89	20141	Italia	Milano		0039 02 57311511
MEETING GUIDE		Revista profesional			Editor/a					Berlin Tourismus & Kongress GmbH				Alemania			0039 30 - 26 39 183
MEETING MAGAZINE NL		Revista profesional			Redactor/a jefe/a					Meeting Magazine		Kerkenbos 12-26c	6546 BE	Holanda	Nijmegen		003124 6450215 
MEETING PLANNER'S NEWS		Revista profesional			Delegado/a de public./editorial					Chevalier Event Consulting 		Ziegbachweg 4	D-79664	Alemania	Wehr/Kreis Waldshut		+49 700 0702 0702
MEETINGS INTERNATIONAL		Revista profesional			Delegado/a de public./editorial					Meetings International Publishing AB		Box 224	271 25	Suecia	Ystad		+46 86 124 296
MEN`S HEALTH		Revista			Coordinador/a					Motorpress Ibérica (MPIB)		Rambla Catalunya 91-93	8008	Barcelona	Barcelona		934670024
MEP - MARKETING EVENT PRAXIS		Revista profesional			Redactor/a					Verlagshaus Gruber GmbH 2013		Max-Planck-Str. 2	D-64859	Alemania	Eppertshausen		49 (0) 6071 3941 - 0
MESSE EVENT		Revista profesional			Redactor/a					schau media Wien Ges.m.b.H.		Leberstraße 122	1110	Austria	Wien		43/1/740 32 - 0
MI BEBÉ Y YO		Revista			Editor/a					Sfera Editores España, S.L.U.		Pol. Mas Blau – Edif. Muntadas – Solsonés, 2-B	8820	Barcelona	El Prat de Llobregat		93 370 85 85
MI CASA		Revista			Redactor/a					Hearst Magazines S.L.		Avda. Cardenal Herrera Oria,3.	28034	Madrid	Madrid		91 728 70 00
MI FARMACÉUTICO		Revista profesional			Redactor/a							Avenida de San Luis, 47	28033	Madrid	Madrid		91 766 99 34
MI PEDIATRA		Revista profesional			Redactor/a jefe/a							Avenida de San Luis, 47	28033	Madrid	Madrid		91 766 99 34
MÍA		Revista			Delegado/a de public./editorial					GyJ España Ediciones, S.L.,S. en C.,		Rambla Catalunya 91-93, 4º	8008	Barcelona	Barcelona		93 240 10 00
MIBEBÉYYO.COM		Internet portal temático			Redactor/a Web					Sfera Editores España, S.L.U.		Pol. Mas Blau – Edif. Muntadas – Solsonés, 2-B	8820	Barcelona	El Prat de Llobregat		93 370 85 85
MIC - MEETING INDUSTRY MAGAZINE		Revista profesional			Redacción					Primus Verlag AG		Hammerstrasse 81, Postfach 1331	CH-8032	Suiza	Zürich		004144 387 57 57
MICE CENTRAL & EASTERN EUROPE		Revista profesional			Director/a					MICE Central & Eastern Europe		Široká 10	110 00	República Checa	Praga 1		+420 222 313 689
MICENET 		Internet portal temático			Editor/a					Business and Tourism Publishing PTY LTD		Suite 3, 189 Kent St	NSW 2000	Australia	Sydney		+61 2 8264 4444
MIM MAGAZINE		Revista profesional			Consultas de negocios					Meeting Media Company		59, rue René Declercq	B-1150	Bélgica	Brussels		0032 2 761 70 50 
MIRADAS 2 (La 2)		TV			Director/a					TVE		Av. Mercè Vilaret s/n	8190	Barcelona	Sant Cugat		93 582 37 95
MIVINO.INFO		Internet portal temático			Redactor/a jefe/a												915120768
ModaBebe		Blog															
MODAES.ES		Internet portal temático			Director/a					RIPLEY GESTORA DE CONTENIDOS, SL		Pelayo, 12, 1º 1ª	8001	Barcelona	Barcelona		
Modapiel		Blog															
ModayLookMagazine		Blog															
MÓN EMPRESARIAL		Revista			Redactor/a jefe/a					Medigrup Digital S.A.		Galileu 303-305, 4ª Planta	8028	Barcelona	Barcelona		93 280 00 08
MÓN SOSTENIBLE		Internet portal temático			Director/a					Món Sostenible							
MONTAGUD & APICIUS		Internet portal temático			Redactor/a					Montagud & Apicius		Ausiàs March, 25. 1ª planta	8010	Barcelona	Barcelona		933 182 082.
MOTOR16		Revista			Redactor/a										Madrid		916 857 990
MOTORGOLF		Internet portal temático			Productor/a												690 157 881
MUJER HOY		Revista			Jefe/a de sección					TALLER DE EDITORES, S.A.		Juan Ignacio Luca de Tena 7, planta 1	28027	Madrid	Madrid		91 342 14 00
MUJERHOY.COM		Internet medio digital			Director/a					PORTALES VERTICALES, S.A.		Juan Ignacio Luca de Tena 7, planta 1	28027	Madrid	Madrid		91 342 14 00
MUNDO DIGITAL		Internet portal temático			Director/a												675377412
MUNDO ELECTRÓNICO		Revista			Director /a									Barcelona	Barcelona		93 243 10 40
MUNDOBELLEZA.COM		Internet portal temático			Redactor/a												
MUNTANYA		Revista			Redacción									Barcelona	Barcelona		933 152 311
MUY INTERESANTE		Revista			Jefe/a de sección					GyJ España Ediciones, S.L.,S. en C.,		Albasanz, 15. Edificio A.	28037	Madrid	Madrid		914369800
MY VENUES		Revista profesional			Contribuyente					myvenues.co.uk		Airport Business Centre, 10 Thornbury Road, Estover 	PL6 7PP	Reino Unido	Plymouth		0044 84 5270 3951
MYGOLFWAY.COM		Internet medio digital															
MYGOLFWAY.COM		Internet portal temático			Director /a												
NAIF MAGAZINE		Revista			Publicidad							C/Vilamarí, 33, 2º 4ª	8015	Barcelona	Barcelona		
NAUTA 360					Publicidad									Barcelona	Barcelona		93 496 24 22 
NAUTIC PRESS		Revista			Redacción									Barcelona	Barcelona		933172050
NÁUTICA		Revista			Freelance												
NAUTICA Y YATES		Revista			Director Editorial					Nautica y Yates		Sant Gervasi de Cassoles, 79	8022	Barcelona	Barcelona		932111146
NAVEGANDO POR LAS ISLAS		Revista			Redactor/a jefe/a												928246412
NEGOCIOS (EL PAÍS)		Suplementos			Redacción					EDICIONES EL PAÍS, S.L.		Miguel Yuste,42	28037	Madrid	Madrid		91 337 82 00
NEO 2		Revista			Director /a					NEO 2		San Bernardo, 63 - 3º A	28015	Madrid	Madrid		91 522 90 96
NORAH MAGAZINE		Revista			Editor/a							 Juan Bravo, 3. Portal A	28006	Madrid	Madrid		
NORDIS MAGAZINE		Revista			Redacción					Nordis Verlag GmbH				Escandinavia			004789-32 13 30
NOSOTRAS.COM		Internet medio digital															
NOSOTRAS.COM		Internet portal temático			Redactor/a jefe/a							Avenida Gran Vía, 16 - 20 2ª Planta	8902	Barcelona	Hospitalet de Llobregat		902 999 343
NOTICIAS.COM		Internet portal temático			Redactor/a jefe/a					INTERCOM FACTORY, S.L.							93 504 56 00
NOTICIASMEDICAS.ES		Internet portal temático								PortalesMedicos, SL							
NOTODOHOTELES.COM		Internet portal temático			Director /a					La Fábrica Gestión Más Cultura				Madrid	Madrid	914 132 245	914 133 099
NOX		Revista			Delegado/a de public./editorial					MC Ediciones, S.A.		Orense, 11	28020	Madrid	Madrid		91 597 30 90
NUEVA EMPRESA		Internet portal temático			Director/a					Nuevaempresa.com		C/Acacias, 54	28140	Madrid	Fuente el Saz		91 620 05 35
NUEVA ESTETICA		Revista profesional			Redactor/a jefe/a									Barcelona	Barcelona		93 209 79 33
OBSERVATORIO DE RECURSOS HUMANOS Y RELACIONES LABORALES		Revista profesional			Director/a					ORH		 Hierro 6-B, 3º E	28045	Madrid	Madrid		91 758 64 82
OEHV		Revista profesional			Redactor/a					ÖHV – Österreichische Hoteliervereinigung		Hofburg, Gottfried-von-Einem-Stiege	A-1010	Austria	Wien		43(1) 533 09 52-0
ORBITA		Revista			Director /a												629 300 581
ORIZON		Revista			Delegado/a de public./editorial					SPAIN MEDIA MAGAZINES		 Doctor Fourquet 3	28012	Madrid	Madrid		91 206 10 40
OSACA		Revista			Coordinador /a							Avda. Castilla y León, 62-64	9006	Burgos	Burgos		947 252 253
OUTDOOR		Revista			Redactor/a jefe/a									Madrid	Madrid		91 360 22 71
OUTDOOR ACTUAL		Internet portal temático			Redactor/a												
OXIGENO		Revista			Subdirector /a					Motorpress Ibérica (MPIB)				Madrid	Madrid		91 347 01 00
PANORAMA NAUTICO		Internet portal temático			Director /a												
Pecas y Pecados		Blog															
Pecas y Pecados		Blog			Blogger												
PERIODISTADIGITAL.COM		Internet portal temático			Redactor/a									Madrid	Madrid		91 732 19 05
PERROS DE CAZA		Revista			Director Comercial					Editorial Grupo V		Moià, 1, 2a Planta	8006	Barcelona	Barcelona		932414251
PESCA A BORDO		Revista			Director /a							Consell de Cent, 398, bajos	8009	Barcelona	Barcelona		933180101
PESCA Y BARCOS		Revista			Redacción					Editorial Grupo V		Moià, 1, 2a Planta	8006	Barcelona	Barcelona		
PESO PERFECTO		Revista			Redactor/a					Ediciones Primera Plana S.A.		 Consell de Cent, 425. 5ª planta	8009	Barcelona	Barcelona		93 227 94 16
PETIT STYLE		Revista			Director /a							 Riu Ter, 5, 2º 1ª	8850	Barcelona	Gavà		
PLÁCET		Revista			Redactor/a jefe/a									Madrid	Madrid		91 721 60 40
PLANETA MTB		Internet portal temático			Redacción												
PORTALMUNDOS.COM		Internet portal temático															
PR NOTICIAS		Agencia de noticias			Redactor/a					PR NOTICIAS		Marqués de Monteagudo18, 2º Planta,	28028	Madrid	Madrid		91 713 11 72
PRENSAPIEL		Revista profesional			Redactor/a					EDICIONS SIBIL.LA		Rosselló, 372 5º 1ª	8025	Barcelona	Barcelona		932265151
PRESÈNCIA		Suplementos			Redactor/a					HERMES COMUNICACIONS S.A		Tàpies, 2	8001	Barcelona	Barcelona		972 18 64 00
PREVENIR		Revista			Redactor/a jefe/a							 Príncipe de Vergara Nº109.	28002	Madrid	Madrid		914471202
PRIMER TOC (RAC1)		Radio			Redacción					Radiocat XXI, SL		Diagonal 477, 15ª Planta	8036	Barcelona	Barcelona		93 270 44 00
PRONTO		Revista			Redactor/a					HERES PUBLICACIONES		Gran Via Carles III, 124, 5º	8034	Barcelona	Barcelona		93 206 15 40
PROTIENDAS		Revista profesional			Redactor/a jefe/a							Avda. Juan Carlos I	28806	Madrid	Alcalá de Henares		91 8024120
PSYCHOLOGIES		Revista			Coordinador /a					PRISMA PUBLICACIONES		Av. Diagonal 662-664	8034	Barcelona	Barcelona		93 492 68 73
PUBLICACIONES AL DÍA		Revista			Redactor/a jefe/a												91 134 15 29
PUERICULTURA MARKET		Internet portal temático			Redactor/a jefe/a									Barcelona	Barcelona		93 325 32 87
PUNTEX MÉDICO		Revista profesional		8006	Sospir, 33					PUNTEX							
QM QUALITY IN MEETINGS		Revista profesional			Redacción					Het Portaal Uitgevers B.V.		Veerdijk 40-i	1531 MS	Holanda	Wormer		003175-6475747
QUADTREROS		Internet portal temático															
QUÉ ME DICES!		Revista			Coordinador /a					Hearst Magazines S.L.		Avda. Cardenal Herrera Oria,3	28034	Madrid	Madrid		917287000
QUE.ES		Internet medio digital								Factoría de Información, S.A							
QUE.ES		Internet medio digital			CM					Factoría de Información, S.A				Madrid	Madrid		91 572 62 00
QUÈFEM?		Suplementos								PRISMA PUBLICACIONES							
QUÈFEM?		Suplementos			Coordinador/a					PRISMA PUBLICACIONES		Diagonal, 662-664, 1ª Planta	8034	Barcelona	Barcelona		93 492 68 01 - 93 270 45 50
QUO MAGAZINE		Revista			DELEGADO					Hearst Magazines S.L.				Barcelona	Barcelona		934 301 004
RABAT MAGAZINE		Revista			Delegado/a de public./editorial							Passeig de Gràcia 99	8008	Barcelona	Barcelona		93 384 41 11
RAC 1		Radio								Radiocat XXI, SL							
RAC 1		Radio			Redactor/a jefe/a					Radiocat XXI, SL				Barcelona	Barcelona		93 270 44 00
RÀDIO CIUTAT BADALONA		Radio			Director/a					Xarxa Audiovisual Local (XAL)		Carrer Sant Agustí 11	8915	Barcelona	Badalona		93 497 40 00
RÀDIO CONTRABANDA		Radio			Redactor/a					Ràdio Contrabanda		Asociació Cultural Contrabanda, Apartado de correos 748	8080	Barcelona	Barcelona		93 317 73 66
RÀDIO GIRONA		Radio			Redacción					Grupo Prisa Radio		Plaça Josep Pla 2	17001	Girona	Girona		97 222 11 00
RADIO KANAL BARCELONA		Radio			Redactor/a							GRAN VIA DE LES CORTS CATALANES 645, 2º1ª	8009	Barcelona	Barcelona		
RADIO TELEVISIÓ 10		Radio			Redactor/a					Xarxa Audiovisual Local (XAL)		Carrer de les flors 2	8635	Barcelona	Sant Esteve Sesrovires		93 771 47 61
RCNB MAGAZINE		Revista			Redactor/a jefe/a									Barcelona	Barcelona		934879944
REFERENCIA RELOJERA		Revista			Redactor/a					Referenciarelojera					Madrid		Madrid
REGIÓ 7		Prensa diaria			Redactor/a					Grup Editorial Prensa Ibérica		Carrer de Sant Antoni Maria Claret 32	8243	Barcelona	Manresa		93 877 22 33
RELACIONES GASTRONÓMICAS		Revista			Redactor/a					Relaciones Gastronómicas							
RELOJES ESPECIALES		Revista			Editor/a web					Relojes Especiales							
RELOJES Y ESTILOGRÁFICAS		Revista			Editor/a					Relojes y Estilográficas							91 112 40 82
RELOJESDELUXE.COM		Internet portal temático			Redactor/a jefe/a												
RENDEVENEMENT		Revista profesional			Redactor/a					Professional Media Group		Torhoutsesteenweg 226 bus 7	8210	Bélgica	Zedelgem		00 32 50 24 04 45
RESFLEX		Revista profesional			Delegado/a de public./editorial					Resflex				Suecia			0046 86 780 515
REVISTA ARG EXPRESS		Revista			Director /a												
REVISTA EJECUTIVOS		Revista			Redactor/a jefe/a					Ejecutivos.es		Calle de Arturo Soria, 41	28027	Madrid	Madrid		91 185 45 60
REVISTA ÉPOCA		Revista			Freelance					Grupo Intereconomía							91 638 83 96 - 91 510 91 49
REVISTA IBÉRICA		Revista			Redactor/a												91 318  07 29
REVISTA LAND ESPAÑA		Revista			Redactor/a												
REVISTA RAMBLA		Revista			Redacción												932198725
REVISTAS DISNEY		Revista			Redactor/a									Madrid	Madrid		913849409
RFEG		Revista			Publicidad									Barcelona	Barcelona		934300323
RFEG		Revista			Redactor/a												
RNE		Radio			Redacción					RTVE		Gran Via Jaume I, 60	17002	Girona	Girona		97 241 60 60
ROBB REPORT		Revista			Delegado/a de public./editorial					SPAIN MEDIA MAGAZINES		Doctor Fourquet 3	28012	Madrid	Madrid		91 206 10 40
RocketMagazine		Revista			Editor/a												
ROLLING STONE		Revista			Director/a					Prisa Revistas				Madrid	Madrid		915386294
ROLLINGSTONE.ES		Internet medio digital			CM					Prisa Revistas				Madrid	Madrid		915 386 275
RONDA IBERIA		Revista			Freelance					Ediciones Primera Plana S.A.		 Orduña 3, 3ª Planta	28034	Madrid	Madrid		
RUNNER'S WORLD		Revista			Redactor/a jefe/a					Motorpress Ibérica (MPIB)					Madrid		913470594
RUTAS DEL MUNDO		Revista			Director /a									Barcelona	Barcelona		93 254 12 50
RUTASVIAJERAS.COM		Internet portal temático			Redacción									Barcelona	Barcelona		93 255 31 45
RuthMontes		Blog															
RuthMontes		Blog			Blogger												
SABER VIVIR / MUY SALUDABLE		Revista			Redactor/a							C/Pérez Galdós,  36 	8012	Barcelona	Barcelona		
SALUD Y VIDA (LA VANGUARDIA)		Suplementos								La Vanguardia Ediciones S.L.							
SALUD.COM		Internet portal temático			Coordinador /a												
SÁLVAME REVISTA		Revista			Coordinador/a							 Mártires de Alcalá, 4, 2ª	28015	Madrid	Madrid		91 282 28 90
SANTS AL DIA		Radio			Jefe/a de Informativos					Sants 3 Ràdio		Carrer Constitució 17	8014	Barcelona	Barcelona		93 298 19 19
SAP REVIEWS		Revista			Redactor/a jefe/a												644 185 444
SAPOS Y PRINCESAS		Revista			Publicidad							Dirección: Ángel Muñoz, 15	28043	Madrid	Madrid		
SCHWEIZER TOURISTIK / TTMedia		Revista profesional			Redactor/a jefe/a					tourism trend media GmbH		Forchstrasse 60	CH-8032 Z	Suiza	Postfach		0041 44-388 99 63
SECTOR EJECUTIVO		Revista			Director/a					Sector Ejecutivo		Pº Santa María de la Cabeza, 42. Oficina 8	28045	Madrid	Madrid		91 539 28 50
SEMANA		Revista			Jefe/a de sección					SEMANA, S.L.		C/Cuesta de San Vicente, 28	8008	Madrid	Madrid	915421104	91 547 23 00
SENDA SENIOR		Revista			Freelance							 Isla de Saipan, 47 	28035	Madrid	Madrid		915357273
SER PADRES HOY		Revista			Estilista					GyJ España Ediciones, S.L.,S. en C.,							
SERPADRES.ES		Productora			Coordinador /a					GyJ España Ediciones, S.L.,S. en C.,		 Albasanz, 15. Edificio A	28037	Madrid	Madrid		91 436 98 00 (ext. 2136)
SERVIMEDIA		Agencia de noticias			Director/a General					Servimedia S.A.		 Almansa, 66	28039	Madrid	Madrid		91 391 39 31
SHANGAY		Revista			Freelance					Editorial Imani S.L.				Madrid	Madrid		626 57 66 82
Siete Días Médicos		Revista profesional								Ediciones Mayo S.A.							
SIETE LEGUAS		Suplementos			Redactor/a jefe/a					Unidad Editorial Revistas SLU		Avda. San Luis,25	28033	Madrid	Madrid		91 443 50 00
SIN CONCESIONES		Radio			Redactor/a					Radio Kanal Barcelona		Gran Via de les Corts Catalanes 645, 2º 1ª	8009	Barcelona	Barcelona		93 468 55 55 - 93 342 72 20
SKIPPER		Revista			Publicidad					Curt Ediciones, SA		Consell de Cent, 398, bajos	8009	Barcelona	Barcelona		933180101
SMILE MAGAZINE		Revista			Director/a					Cebu Pacific Air		89 Neil Road 03-01	88849	Singapur			63-927-745-3547
SMODA		Suplementos								Ediciones Conelpa							
SMODA.ES		Internet medio digital								Ediciones Conelpa							
SOCIAL.CAT		Internet portal temático			Redactor/a									Barcelona	Barcelona		93 181 82 56
SOLIDARIDAD DIGITAL		Internet portal temático			Director /a									Madrid	Madrid		
SOLO BICI		Revista			Director /a									Barcelona	Barcelona		93 431 55 33
SOLO GOLF & VIAJES		Revista			Redactor/a jefe/a									Barcelona	Barcelona		9343155 33
SOLO HOSTELERIA		Revista			Redactor/a jefe/a									Alicante	Alicante		96 341 54 94
SOLO MODA (TVE)		TV			Jefe/a de sección					TVE		Alcalde Sáinz de Baranda, 92	28007	Madrid	Madrid		
SOLO PESCA ONLINE		Internet portal temático												Barcelona	Barcelona		93 254 12 50
SOLOMODA.COM		Internet medio digital			CM									Madrid	Madrid		91 414 91 51
SOLOMOTO OFFROAD		Revista			Publicidad									Barcelona	Barcelona		93.297.39.04
SOMMELIER		Revista			Director/a					Ediciones Sociales S.L. (EDISSA)		Roselló 186	8008	Barcelona	Barcelona		93 323 14 91
SORTIM		Suplementos			Redactor/a					HERMES COMUNICACIONS S.A							
SPAIN GOURMETOUR		Revista profesional			Redactor/a					ICEX							91 349 19 24
SPEND IN		Revista			Director/a					Global Luxury Communications		Pº de la Castellana, 123 Esc. Dcha 7ªB	28046	Madrid	Madrid		91 598 02 27
SPIRIT SOUTHWEST AIRLINES		Revista			Redactor/a					Spirit Magazine Editorial Office - Pace Communications, Inc.		Suite 360, 2811 McKinney Avenue	75204	USA	Dallas, Texas		(214) 580-8070
SPORT		Prensa diaria			Redactor/a					Ediciones Deportivas Catalanas, S.A.							
SPORT LIFE		Revista			Director /a					Motorpress Ibérica (MPIB)				Barcelona	Barcelona		93 342 70 40
SPORT TRAVEL		Revista			Redactor/a									Barcelona	Barcelona		93 496 95 52
SPOSABELLA		Revista								Ediciones Condé Nast, S.A							
STAFF EMPRESARIAL		Revista profesional			Coordinador/a					Staff Empresarial				Barcelona	Barcelona		93 419 51 52
STILO.ES		Internet portal temático			Coordinador /a									Madrid	Madrid		93.442.65.48
STREETDETAILS.ES		Internet medio digital															
STUFF		Revista			Redacción					MC Ediciones, S.A.		 Orense, 11	28020	Madrid	Madrid		91 597 30 90
STYLEDEVIVRE.COM		Internet medio digital															
StyleLovely.com		Internet portal temático			Director /a												
SÚPER POP		Revista			Jefe/a de sección					Publicaciones Mahe SLU		Gran Vía Carlos III 124 1º	8034	Barcelona	Barcelona		93 252 14 52
Súper Teens		Revista			Freelance												
SUPERTELE		Revista			Redactor/a jefe/a									Madrid	Madrid		917288926
SURF A VELA		Revista			Director /a					MEDIA PRO DYNAMIC S.L.				Barcelona	Barcelona		93 211 11 46
SWISS MAGAZINE		Revista			Redacción					Swiss International Airlines Ltd.			CH-4002	Suiza	Basel		
TÀPIAS VARIADAS (Catalunya Ràdio)		Radio			Freelance					Televisió de Catalunya, S.A. 		Carrer de Jacint Verdaguer 0	8970	Barcelona	Barcelona		93 499 93 33
TELEDEPORTE		TV			Redactor/a					RTVE				Barcelona	Barcelona		93 582 30 30
TELENOTÍCIES (TV3)		TV			Redactor/a jefe/a					Televisió de Catalunya, S.A. 		Carrer de Jacint Verdaguer 0	8970	Barcelona	Barcelona		93 473 22 96
TELEVISIÓ COSTA BRAVA		TV			Director/a					Global Media		Av.Platja D’Aro 228-248	17248	Girona	S'Agaró		97 282 08 09 ext 503
TELEVISIÓ DE CATALUNYA (Delegació Girona)		TV			Corresponsal					Televisió de Catalunya, S.A. 		Ronda Fort Roig, 20	17007	Girona	Girona		97 222 02 26
TELEVISIÓ DE GIRONA		TV			Jefe/a de Informativos					Xarxa Audiovisual Local (XAL)		Avinguda Sant Francesc 6	17001	Girona	Girona		97 222 11 11
TELVA		Revista			Estilista					Unidad Editorial Revistas SLU							91 443 63 33
TELVA.COM		Internet medio digital			Redactor/a jefe/a					Unidad Editorial Internet, S.L.		Avda. San Luis,25	28033	Madrid	Madrid		91 443 50 00
TENDENCIAS DE BODAS MAGAZINE		Revista			Redactor/a jefe/a												622 096 466
TenerClase		Blog															
TenerClase		Blog			Blogger												
TENMAG		Revista			CM					Publicaciones Áncora, S.L.		Plaza de Matute, 5. Local izq.	28012	Madrid	Madrid		91 3896719
TEXTIL EXPRES		Revista profesional			Redactor/a									Barcelona	Barcelona		93 453 79 38
TEXTIL Y MODA		Revista profesional			Director /a									Barcelona	Barcelona		93 226 51 51
THE BEST JOYAS		Revista			Redactor/a					Curt Ediciones, SA		Consell de Cent, 398	8009	Barcelona	Barcelona		93 318 01 01
THE BEST- SUPERYATES&MARINAS		Revista			Redactor/a jefe/a									Barcelona	Barcelona		93 318 01 01
The Best Zapatos y Bolsos		Revista			Redactor/a									Barcelona	Barcelona		933 180 101
THE MAIN EVENT MAGAZINE		Revista profesional			Redactor/a					Script Media Group Limited		47 Church Street	S70 2AS	Reino Unido	Barnsley		0044 12 2673 4463
THE MEETING PROFESSIONAL		Revista profesional			Redacción					Meeting Professionals International		3030 Lyndon B. Johnson Freeway, Suite 1700	75234-2759	USA	Dallas, Texas		+1 972-702-3025
The Showroom Mag		Revista profesional			Redactor/a												92 224 28 76
TheCityZoo		Blog															
TIEMPO		Revista			Redactor/a							 Orduña, 3	28034	Madrid	Madrid		915863345
TIEMPO DE LUJO		Revista			Director/a					Tiempodelujo							
TIEMPO DE RELOJES		Revista			Director /a					Ediciones Tourbillon				Madrid	Madrid		
TIME OUT BCN		Revista			Director/a					80 MES 4 PUBLICACIONS S.L.		Via Laietana, 20	8003	Barcelona	Barcelona		93 384 37 27
TODO BODA 		Revista			Redactor/a jefe/a									Madrid	Madrid		91 593 20 70
TODO FÁCIL		Revista			Director /a												914 471 202
TODO PAPÁS		Revista			Redactor/a							C/Doctor Cirajas, 10 Local 1	28017	Madrid	Madrid		91 183 80 26
TOP AUTO		Revista			Redactor/a									Madrid	Madrid		91 204 06 79
TOP STYLE KIDS		Revista			Redactor/a							 Caspe, nº 118 - 120, piso: 6º	8013	Barcelona	Barcelona		93 245 51 90
TOP VIAJES		Revista			Redactor/a												
TOPESTILO.COM		Internet portal temático			Freelance									Madrid	Madrid		
TOT ES POSSIBLE (Rac1)		Radio			Redactor/a					Radiocat XXI, SL		Diagonal 477, 15ª Planta	8036	Barcelona	Barcelona		93 270 44 00
TOTAL HOSPITALITY		Revista profesional			Redacción					Total Hospitality Ltd		Butlers Land Farm, Mortimer,	RG7 2AG	Reino Unido	Berkshire		0044 11 8933 3919
TOURISTIK AKTUELL		Revista			Redacción					Euro Business Communication Verlag GmbH		Geheimrat-Hummel-Platz 4	65239	Alemania	Hochheim		0 61 46 / 605 - 131
TOURMAG		Internet portal temático			Redactor/a					TourMaG.com		21 rue Marc Donadille, Les Baronnies, Bat. E, ZAC de Château Gombert	13013	Francia	Marseille		04.91.58.57.53
TOURPRESS HOLLAND		Revista profesional			Redactor/a					Tourpress Holland				Holanda			6 45544436
TRADE FAIRS INTERNATIONAL		Revista profesional			Redactor/a					TFI-Verlagsgesellschaft mbH		Oberfeld 32	D-82319	Alemania	Starnberg		49-8151-2779-07
TRADEBIKE		Revista			Director /a									Barcelona	Barcelona		932530311
TRADESPORT		Revista técnica										 Camp, 56 	8022	Barcelona	Barcelona		93 253 03 11
TRAIL		Revista															620682528
TRAVEL AND TOURISM NEWS		Internet portal temático			Redactor/a					Travel and Tourism News				Emiratos Árabes			011 97143371366
TRAVEL DAILY NEWS INTERNATIONAL		Internet portal temático			Redactor/a jefe/a					Travel Media Applications		50, Sfigos Street	GR-11745	Grecia	Atenas		0030 210 937 4050
TRAVEL PLUS MAGAZINE		Revista			Redacción					TravelPlus				Reino Unido	London		
TRAVEL QUOTIDIANO		Revista			Director/a					Travel Agent Book Srl				Italia			02. 76. 31. 68. 46
TRAVEL WEEKLY		Revista			Redactor/a jefe/a					Northstar Travel Media Llc		100 Lighting Way	NJ 07094	USA	Secaucus		(201) 902-2049
TRAVELPORT		Revista			Director /a							Via Augusta, 59	8006	Barcelona	Barcelona		933172050
Trendtation		Blog															
Trendtation		Blog															
Trendtation		Blog			Blogger												
TROFEO CAZA MAYOR		Revista												Madrid	Madrid		913 277 950
TROFEO CAZA Y CONSERVACIÓN		Revista			Productor/a									Madrid	Madrid		91 327 79 50
TTG CZECH		Revista			Redacción					TTG  		Šafaříkova 5	120 00	República Checa	Praga 2		0042 2 242 52562
TTG ITALIA		Internet medio digital			Redactor/a Web					TTG  		via Nota, 6	10122	Italia	Torino		011 43994 - 011 4366300
TTG MENA		Revista			Redactor/a					TTG  				Alemania			357 22843 834
TTG MICE		Revista			Redactor/a					TTG  		1 Science Park Road, #04-07	117528	Singapur	The Capricorn		65-6395-7575
TTG POLAND		Revista			Redactor/a					TTG  		ul. Świętokrzyska 36 lokal 45/23	00-116	Polonia	Warszawa		0048 22 215 40 13 - 0048 22 224 58 02
TTG UK		Internet medio digital			Redactor/a Web					TTG  		Ludgate House 245 Blackfriars Road	SE1 9UY	Reino Unido	London		
TU DIRÀS (RAC1)		Radio			Redacción					Radiocat XXI, SL		Diagonal 477, 15ª Planta	8036	Barcelona	Barcelona		93 270 44 00
TU SUERTE		Revista			Freelance												
TURISMO & ATTUALITÀ		Revista			Editor/a					Turismo & Attualità		Via di Santa Prisca, 16	153	Italia	Roma		06 5747450
TUTTO TURISMO		Revista			Secretario/a de redacción					Tuttoturismo di Riccardo Paolotti & C. s.a.s		Via Campo di Marte 11	6124	Italia	Perugia		39. 075.5004600
TV3		TV			Redactor/a jefe/a					Televisió de Catalunya, S.A. 				Barcelona	Barcelona		
TVE		TV			Redacción					RTVE		Rbla. Xavier Cugat, 30-32	17007	Girona	Girona		97 221 98 73
Ufficio Spagnolo del Turismo		Revista profesional			Redactor/a					INSTITUTO DE TURISMO DE ESPAÑA				Italia			0039 02 72004625 
ULISSE ALITALIA MAGAZINE		Revista			Redactor/a					Ulisse Alitalia Magazine				Italia			064 20241
ULTIMATE BEAUTY		Revista profesional			Redactor/a jefe/a							 Príncipe de Vergara Nº109	28002	Madrid	Madrid		91 447 12 02
UrbanityInternet		Blog															
VALOR AFEGIT (TV3)		TV			Director/a					Televisió de Catalunya, S.A. 		Carrer de Jacint Verdaguer 0	8970	Barcelona	Barcelona		93 499 93 33
VANIDAD		Revista			Freelance							 Pizarro 22, local dcha.	28004	Madrid	Madrid		91 524 00 25
VANITY FAIR 		Revista			Redactor/a jefe/a					Ediciones Condé Nast, S.A		Paseo de la Castellana 9-11 2ª planta	28046	Madrid	Madrid		91 700 41 70
VANITYFAIR.ES		Internet medio digital			Redactor/a					Ediciones Condé Nast, S.A		Pº de la Castellana, 9-11, 2º	28046	Madrid	Madrid		91 700 41 70
VEREMA.COM		Internet portal temático			Coordinador/a												
VERSIÓ RAC1		Radio			Director /a					Radiocat XXI, SL		Diagonal 477, 15ª Planta	8036	Barcelona	Barcelona		
VIA LLIURE (RAC1)		Radio			Redactor/a					Radiocat XXI, SL		Diagonal 477, 15ª Planta	8036	Barcelona	Barcelona		93 270 44 00
VIAJAR		Revista			Director /a					Ediciones Reunidas, S.A.		C/Orduña, 3 - 3º	28034	Madrid	Madrid		915863300
VIAJAR (ABC)		Suplementos			Coordinador/a					DIARIO ABC, S.L.		Calle Juan Ignacio Luca de Tena, 7	28027	Madrid	Madrid		913 399 000
VIAJAR (LA VANGUARDIA)		Suplementos			Coordinador/a					PRISMA PUBLICACIONES		Av. Diagonal 662-664	8034	Barcelona	Barcelona		93 270 45 50
VIAJAR CON HIJOS		Revista			Redactor/a jefe/a					CSR Junior 		C/Bolsa, 1, 2º 2ª	28015	Málaga	Málaga		952 121950
VIAJEROS		Revista			Redactor/a									Madrid	Madrid		91 404 24 88
ViajerosHoy.com		Internet portal temático			Director /a												
VIAJES NATIONAL GEOGRAPHIC		Revista			Delegado/a de public./editorial					RBA Revistas SL		Av. Diagonal, 189	8018	Barcelona	Barcelona		93 415 73 74
VIAJES Y TURISMO BLOG		Blog			Redacción										-		-
VIAJES Y VACACIONES		Blog			Blogger									Madrid	Madrid		91 571 75 41
VIATGES 365		Blog			Blogger									Barcelona	Barcelona		-
VICIOUS		Revista			Redactor/a									Madrid	Madrid		91 375 02 83
VIDAPREMIUM.ES		Internet portal temático			Redactor/a jefe/a					Vidapremium							
VI-FRANC		Blog			Periodista Blogger					Vi-franc							
VILAWEB		Internet portal temático			Redacción					Partal, Maresma i Associats S.L.		Catalunya Nord			Perpinyà		
VIMOMENTSPERSONES		Blog			Redactor/a					Vimomentspersones							
VINIESFERA.COM		Blog			Periodista Blogger					Viniesfera.com							
VINOS Y RESTAURANTES		Revista			Director/a					Curt Ediciones, SA		Consell de Cent, 398	8009	Barcelona	Barcelona		93 318 01 01
VIVIR EN EL CAMPO		Revista			Redactor/a												93 844 47 33
VOGUE		Revista			Director /a					Ediciones Condé Nast, S.A		Pº de la Castellana, 9-11, 2º	28046	Madrid	Madrid		91 700 41 70
VOGUE SUPLEMENTOS		Suplementos			Estilista					Ediciones Condé Nast, S.A		Pº de la Castellana, 9-11, 2º	28046	Madrid	Madrid		91 700 41 70
VOGUE.ES		Internet medio digital			Redactor/a					Ediciones Condé Nast, S.A		Pº de la Castellana, 9-11, 2º	28046	Madrid	Madrid		91 702 30 23
VOYAGER MAGAZINE		Revista			Redactor/a					Voyager Magazine				Reino Unido	London		0044 20 7613 8777
Voz Populi		Internet portal temático			Director /a									Madrid	Madrid		913 185 940
WAPA MAGAZINE		Revista			Redactor/a Web							AVENIDA MANOTERAS, 26, 3ª PLANTA		Madrid	Madrid		91339 6860
Wines and The City		Blog			Freelance							C/ Vallespir, 65	8014	Barcelona	Barcelona		
WOMAN MADAME FIGARO 		Revista			Coordinador /a					Ediciones Reunidas, S.A.		 Consell de Cent, 425	28009	Barcelona	Barcelona		934  846 600
XATAKA		Internet medio digital															
XaviWorld		Blog															
XaviWorld		Internet medio digital															
XISHANG		Internet medio digital															
XL SEMANAL		Suplementos			Coordinador Editorial					TALLER DE EDITORES, S.A.		 Juan Ignacio Luca de Tena, 7	28007	Madrid	Madrid		91 327 83 00
YA POKUPAYU		Revista			Redactor/a							 Muntaner, 216	8036	Barcelona	Barcelona		936671433
YO DONA		Revista			Estilista					Unidad Editorial Revistas SLU		Avda. San Luis, 25-27	28033	Madrid	Madrid		91 443 66 60
YODONA.COM		Internet medio digital			Coordinador/a					Unidad Editorial Internet, S.L.		 Avda. San Luis,25	28033	Madrid	Madrid		91 443 50 00
YOROKOBU		Revista			Director/a									Madrid	Madrid		914 157 283
ZAI MAGAZINE		Revista			Director/a							Gran Via 69, Planta 4, oficina 413	28013	Madrid	Madrid		
ZONA DEPORTISTAS		Revista			Delegado/a de public./editorial									Madrid	Madrid		91 815 14 76
					Publicidad					PUBLIPRESS MEDIA		Diagonal, 477	8036	Barcelona	Barcelona		93 344 30 33
					Editor/a					SPAIN MEDIA MAGAZINES		 Doctor Fourquet 3	28012	Madrid	Madrid		912 010 040
